# www.mecabricks.com
mtllib Untitled Model.mtl
o Part.1
v -1.697 12.78 1.697
v -0.918 12.78 2.217
v -2.217 12.78 0.918
v -2.217 18.6 0.918
v -1.697 18.6 1.697
v -0.918 18.6 2.217
v -4.817 11.2 3
v -6.4 2.4 3
v -4.923 10.62 0.765
v -5.004 10.168 1.414
v -5.117 9.535 1.848
v -5.243 8.8 2
v -5.382 8.053 1.848
v -5.499 7.404 1.414
v -5.574 6.977 0.765
v -6.496 7.149 0.765
v -6.417 7.576 1.414
v -6.308 8.216 1.848
v -6.172 8.969 2
v -6.039 9.722 1.848
v -5.926 10.362 1.414
v -5.847 10.789 0.765
v -6.765 6.232 3
v -5.782 11.748 3
v -6.4 0.02 3
v -6.678 6.717 0.956
v -7.7 0.02 3
v -7.7 1 3
v -6.579 7.25 1.767
v -6.443 8.049 2.309
v -6.272 8.99 2.499
v -6.106 9.931 2.309
v -5.965 10.73 1.767
v -5.867 11.264 0.956
v -6.577 6.696 0.956
v -6.478 7.229 1.767
v -6.342 8.028 2.309
v -6.171 8.969 2.499
v -6.005 9.91 2.309
v -5.864 10.709 1.767
v -5.766 11.243 0.956
v -6.698 1 3.96
v -4.782 11.749 3.96
v -5.762 6.231 3.96
v -4.598 12.78 3
v -6.698 0.02 3.96
v -7.398 0.02 3.96
v -7.7 0.02 3.66
v -7.466 0.02 3.769
v -7.513 0.02 3.937
v -7.611 0.02 3.872
v -7.677 0.02 3.775
v -7.7 1 3.66
v -7.398 1 3.96
v -7.677 1 3.775
v -7.611 1 3.872
v -7.513 1 3.937
v -5.482 11.749 3.96
v -5.783 11.748 3.66
v -5.597 11.749 3.937
v -5.695 11.749 3.872
v -5.761 11.749 3.775
v -6.765 6.231 3.66
v -6.462 6.231 3.96
v -6.741 6.231 3.775
v -6.676 6.231 3.872
v -6.578 6.231 3.937
v -5.652 12.485 3
v -5.3 12.78 3
v -5.609 12.598 3
v -5.527 12.693 3
v -5.419 12.758 3
v -4.598 12.78 3.66
v -4.651 12.48 3.96
v -4.602 12.757 3.775
v -4.613 12.692 3.872
v -4.631 12.595 3.937
v -4.4 0.15 3
v -3.6 0.15 3
v -4.4 0.15 2.4
v -3.6 0.15 2.4
v -4.4 11.2 3
v -3.6 11.2 3
v -4.4 11.2 2.4
v -3.6 11.2 2.4
v -3 0.15 3
v -0.9 1.2 0.4
v -1.667 1.2 0.4
v -0.9 0.15 1.2
v -2.816 0.15 2.449
v -2.543 0.15 1.947
v -2.146 0.15 1.537
v -2.201 0.15 3
v -1.352 0.15 1.852
v -2.081 0.15 2.636
v -1.902 0.15 2.308
v -1.643 0.15 2.04
v -1.151 0.15 1.724
v -1.002 0.15 1.579
v -0.917 0.15 1.383
v -1.863 0.15 1.354
v -1.758 0.15 1.268
v -1.685 0.165 1.131
v -1.667 0.199 1.003
v -3 11.2 3
v -0.9 5 0.4
v -1.668 5 0.4
v -0.9 11.2 1.2
v -2.816 11.2 2.449
v -2.543 11.2 1.947
v -2.146 11.2 1.537
v -2.201 11.2 3
v -1.352 11.2 1.852
v -2.081 11.2 2.636
v -1.902 11.2 2.308
v -1.643 11.2 2.04
v -1.151 11.2 1.724
v -1.002 11.2 1.579
v -0.917 11.2 1.383
v -1.863 11.2 1.354
v -1.758 11.2 1.268
v -1.685 11.2 1.131
v -1.667 11.2 1.003
v -0.9 5.153 0.37
v -1.668 5.153 0.37
v -0.9 5.283 0.283
v -1.668 5.283 0.283
v -0.9 5.37 0.153
v -1.668 5.37 0.153
v -0.9 0.286 0.896
v -0.9 0.491 0.649
v -0.9 0.829 0.466
v -1.667 0.316 0.8
v -1.667 0.521 0.573
v -1.667 0.858 0.439
v -5.391 11.989 3.96
v -5.209 12.226 3.96
v -4.956 12.388 3.96
v -5.219 12.78 3.254
v -5.077 12.78 3.451
v -4.86 12.78 3.591
v -5.668 12.388 3.254
v -5.697 12.226 3.462
v -5.74 11.989 3.598
v -5.544 11.989 3.912
v -5.644 11.989 3.836
v -5.711 11.989 3.729
v -5.193 12.757 3.531
v -5.33 12.692 3.623
v -5.433 12.595 3.694
v -5.507 12.485 3.744
v -5.621 12.388 3.637
v -5.544 12.388 3.772
v -5.432 12.388 3.859
v -5.655 12.226 3.673
v -5.591 12.226 3.802
v -5.479 12.226 3.881
v -5.319 12.757 3.349
v -5.433 12.692 3.463
v -5.531 12.595 3.551
v -5.594 12.485 3.612
v -5.041 12.757 3.675
v -5.193 12.692 3.747
v -5.311 12.595 3.801
v -5.394 12.485 3.84
v -5.602 12.598 3.251
v -5.504 12.693 3.251
v -5.378 12.758 3.254
v -5.652 12.485 3.25
v -5.669 12.388 3.451
v -5.352 12.757 3.305
v -5.488 12.693 3.364
v -5.589 12.596 3.408
v -5.644 12.485 3.438
v -4.952 12.481 3.944
v -4.938 12.595 3.91
v -4.922 12.692 3.844
v -4.896 12.757 3.731
v -5.158 12.483 3.906
v -5.119 12.595 3.867
v -5.06 12.692 3.802
v -4.963 12.757 3.702
v -5.181 12.388 3.935
v 1.697 12.78 1.697
v 0.918 12.78 2.217
v 0 12.78 2.4
v 2.217 12.78 0.918
v 2.217 18.6 0.918
v 1.697 18.6 1.697
v 0 18.6 2.4
v 0.918 18.6 2.217
v 4.817 11.2 3
v 6.4 2.4 3
v 4.923 10.62 0.765
v 5.004 10.168 1.414
v 5.117 9.535 1.848
v 5.243 8.8 2
v 5.382 8.053 1.848
v 5.499 7.404 1.414
v 5.574 6.977 0.765
v 0 0.02 3
v 0 0.02 3.96
v 0 1 3.96
v 0 6.231 3.96
v 0 11.749 3.96
v 0 12.78 3
v 0 11.2 3
v 6.496 7.149 0.765
v 6.417 7.576 1.414
v 6.308 8.216 1.848
v 6.172 8.969 2
v 6.039 9.722 1.848
v 5.926 10.362 1.414
v 5.847 10.789 0.765
v 6.765 6.232 3
v 5.782 11.748 3
v 6.4 0.02 3
v 6.678 6.717 0.956
v 7.7 0.02 3
v 7.7 1 3
v 6.579 7.25 1.767
v 6.443 8.049 2.309
v 6.272 8.99 2.499
v 6.106 9.931 2.309
v 5.965 10.73 1.767
v 5.867 11.264 0.956
v 6.577 6.696 0.956
v 6.478 7.229 1.767
v 6.342 8.028 2.309
v 6.171 8.969 2.499
v 6.005 9.91 2.309
v 5.864 10.709 1.767
v 5.766 11.243 0.956
v 6.698 1 3.96
v 4.782 11.749 3.96
v 5.762 6.231 3.96
v 4.598 12.78 3
v 6.698 0.02 3.96
v 0 12.78 3.66
v 0 12.48 3.96
v 0 12.757 3.775
v 0 12.692 3.872
v 0 12.595 3.937
v 7.398 0.02 3.96
v 7.7 0.02 3.66
v 7.466 0.02 3.769
v 7.513 0.02 3.937
v 7.611 0.02 3.872
v 7.677 0.02 3.775
v 7.7 1 3.66
v 7.398 1 3.96
v 7.677 1 3.775
v 7.611 1 3.872
v 7.513 1 3.937
v 5.482 11.749 3.96
v 5.783 11.748 3.66
v 5.597 11.749 3.937
v 5.695 11.749 3.872
v 5.761 11.749 3.775
v 6.765 6.231 3.66
v 6.462 6.231 3.96
v 6.741 6.231 3.775
v 6.676 6.231 3.872
v 6.578 6.231 3.937
v 5.652 12.485 3
v 5.3 12.78 3
v 5.609 12.598 3
v 5.527 12.693 3
v 5.419 12.758 3
v 4.598 12.78 3.66
v 4.651 12.48 3.96
v 4.602 12.757 3.775
v 4.613 12.692 3.872
v 4.631 12.595 3.937
v 4.4 0.15 3
v 3.6 0.15 3
v 4.4 0.15 2.4
v 3.6 0.15 2.4
v 4.4 11.2 3
v 3.6 11.2 3
v 4.4 11.2 2.4
v 3.6 11.2 2.4
v 0 2.4 3
v 3 0.15 3
v 0.9 1.2 0.4
v 1.667 1.2 0.4
v 0.9 0.15 1.2
v 2.816 0.15 2.449
v 2.543 0.15 1.947
v 2.146 0.15 1.537
v 2.201 0.15 3
v 1.352 0.15 1.852
v 2.081 0.15 2.636
v 1.902 0.15 2.308
v 1.643 0.15 2.04
v 1.151 0.15 1.724
v 1.002 0.15 1.579
v 0.917 0.15 1.383
v 1.863 0.15 1.354
v 1.758 0.15 1.268
v 1.685 0.165 1.131
v 1.667 0.199 1.003
v 3 11.2 3
v 0.9 5 0.4
v 1.668 5 0.4
v 0.9 11.2 1.2
v 2.816 11.2 2.449
v 2.543 11.2 1.947
v 2.146 11.2 1.537
v 2.201 11.2 3
v 1.352 11.2 1.852
v 2.081 11.2 2.636
v 1.902 11.2 2.308
v 1.643 11.2 2.04
v 1.151 11.2 1.724
v 1.002 11.2 1.579
v 0.917 11.2 1.383
v 1.863 11.2 1.354
v 1.758 11.2 1.268
v 1.685 11.2 1.131
v 1.667 11.2 1.003
v 0.9 5.153 0.37
v 1.668 5.153 0.37
v 0.9 5.283 0.283
v 1.668 5.283 0.283
v 0.9 5.37 0.153
v 1.668 5.37 0.153
v 0.9 0.286 0.896
v 0.9 0.491 0.649
v 0.9 0.829 0.466
v 1.667 0.316 0.8
v 1.667 0.521 0.573
v 1.667 0.858 0.439
v 5.391 11.989 3.96
v 5.209 12.226 3.96
v 4.956 12.388 3.96
v 5.219 12.78 3.254
v 5.077 12.78 3.451
v 4.86 12.78 3.591
v 5.668 12.388 3.254
v 5.697 12.226 3.462
v 5.74 11.989 3.598
v 5.544 11.989 3.912
v 5.644 11.989 3.836
v 5.711 11.989 3.729
v 5.193 12.757 3.531
v 5.33 12.692 3.623
v 5.433 12.595 3.694
v 5.507 12.485 3.744
v 5.621 12.388 3.637
v 5.544 12.388 3.772
v 5.432 12.388 3.859
v 5.655 12.226 3.673
v 5.591 12.226 3.802
v 5.479 12.226 3.881
v 5.319 12.757 3.349
v 5.433 12.692 3.463
v 5.531 12.595 3.551
v 5.594 12.485 3.612
v 5.041 12.757 3.675
v 5.193 12.692 3.747
v 5.311 12.595 3.801
v 5.394 12.485 3.84
v 5.602 12.598 3.251
v 5.504 12.693 3.251
v 5.378 12.758 3.254
v 5.652 12.485 3.25
v 5.669 12.388 3.451
v 5.352 12.757 3.305
v 5.488 12.693 3.364
v 5.589 12.596 3.408
v 5.644 12.485 3.438
v 4.952 12.481 3.944
v 4.938 12.595 3.91
v 4.922 12.692 3.844
v 4.896 12.757 3.731
v 5.158 12.483 3.906
v 5.119 12.595 3.867
v 5.06 12.692 3.802
v 4.963 12.757 3.702
v 5.181 12.388 3.935
v -1.697 12.78 -1.697
v -0.918 12.78 -2.217
v -2.217 12.78 -0.918
v -2.4 12.78 0
v -2.4 18.6 0
v -2.217 18.6 -0.918
v -1.697 18.6 -1.697
v -0.918 18.6 -2.217
v -6.715 6.529 0
v -4.817 11.2 -3
v -6.4 2.4 -3
v -4.896 10.77 0
v -4.923 10.62 -0.765
v -5.004 10.168 -1.414
v -5.117 9.535 -1.848
v -5.243 8.8 -2
v -5.382 8.053 -1.848
v -5.499 7.404 -1.414
v -5.574 6.977 -0.765
v -5.594 6.833 0
v -6.526 6.999 0
v -6.496 7.149 -0.765
v -6.417 7.576 -1.414
v -6.308 8.216 -1.848
v -6.172 8.969 -2
v -6.039 9.722 -1.848
v -5.926 10.362 -1.414
v -5.847 10.789 -0.765
v -5.821 10.939 0
v -6.765 6.232 -3
v -5.782 11.748 -3
v -6.4 0.02 -3
v -6.678 6.717 -0.956
v -7.7 0.02 -3
v -7.7 1 -3
v -7.7 0.02 0
v -7.7 1 0
v -6.4 2.4 0
v -6.4 0.02 0
v -6.765 6.232 0
v -5.782 11.748 0
v -4.817 11.2 0
v -6.579 7.25 -1.767
v -6.443 8.049 -2.309
v -6.272 8.99 -2.499
v -6.106 9.931 -2.309
v -5.965 10.73 -1.767
v -5.867 11.264 -0.956
v -5.834 11.451 0
v -6.614 6.508 0
v -6.577 6.696 -0.956
v -6.478 7.229 -1.767
v -6.342 8.028 -2.309
v -6.171 8.969 -2.499
v -6.005 9.91 -2.309
v -5.864 10.709 -1.767
v -5.766 11.243 -0.956
v -5.733 11.43 0
v -6.698 1 -3.96
v -4.782 11.749 -3.96
v -5.762 6.231 -3.96
v -4.598 12.78 -3
v -6.698 0.02 -3.96
v -4.598 12.78 0
v -7.398 0.02 -3.96
v -7.7 0.02 -3.66
v -7.466 0.02 -3.769
v -7.513 0.02 -3.937
v -7.611 0.02 -3.872
v -7.677 0.02 -3.775
v -7.7 1 -3.66
v -7.398 1 -3.96
v -7.677 1 -3.775
v -7.611 1 -3.872
v -7.513 1 -3.937
v -5.482 11.749 -3.96
v -5.783 11.748 -3.66
v -5.597 11.749 -3.937
v -5.695 11.749 -3.872
v -5.761 11.749 -3.775
v -6.765 6.231 -3.66
v -6.462 6.231 -3.96
v -6.741 6.231 -3.775
v -6.676 6.231 -3.872
v -6.578 6.231 -3.937
v -5.652 12.485 -3
v -5.3 12.78 -3
v -5.609 12.598 -3
v -5.527 12.693 -3
v -5.419 12.758 -3
v -5.652 12.485 0
v -5.3 12.78 0
v -5.609 12.598 0
v -5.527 12.693 0
v -5.419 12.758 0
v -4.598 12.78 -3.66
v -4.651 12.48 -3.96
v -4.602 12.757 -3.775
v -4.613 12.692 -3.872
v -4.631 12.595 -3.937
v -4.4 0.15 -3
v -3.6 0.15 -3
v -4.4 0.15 -2.4
v -3.6 0.15 -2.4
v -4.4 11.2 -3
v -3.6 11.2 -3
v -4.4 11.2 -2.4
v -3.6 11.2 -2.4
v -3 0.15 -3
v -0.9 1.2 -0.4
v -1.667 1.2 -0.4
v -0.9 0.15 -1.2
v -2.816 0.15 -2.449
v -2.543 0.15 -1.947
v -2.146 0.15 -1.537
v -2.201 0.15 -3
v -1.352 0.15 -1.852
v -2.081 0.15 -2.636
v -1.902 0.15 -2.308
v -1.643 0.15 -2.04
v -1.151 0.15 -1.724
v -1.002 0.15 -1.579
v -0.917 0.15 -1.383
v -1.863 0.15 -1.354
v -1.758 0.15 -1.268
v -1.685 0.165 -1.131
v -1.667 0.199 -1.003
v -3 11.2 -3
v -0.9 5 -0.4
v -1.668 5 -0.4
v -0.9 11.2 -1.2
v -2.816 11.2 -2.449
v -2.543 11.2 -1.947
v -2.146 11.2 -1.537
v -2.201 11.2 -3
v -1.352 11.2 -1.852
v -2.081 11.2 -2.636
v -1.902 11.2 -2.308
v -1.643 11.2 -2.04
v -1.151 11.2 -1.724
v -1.002 11.2 -1.579
v -0.917 11.2 -1.383
v -1.863 11.2 -1.354
v -1.758 11.2 -1.268
v -1.685 11.2 -1.131
v -1.667 11.2 -1.003
v -0.9 5.153 -0.37
v -1.668 5.153 -0.37
v -0.9 5.283 -0.283
v -1.668 5.283 -0.283
v -0.9 5.37 -0.153
v -1.668 5.37 -0.153
v -0.9 5.4 0
v -1.668 5.4 0
v -0.9 11.2 0
v -1.668 11.2 0
v -0.9 0.286 -0.896
v -0.9 0.491 -0.649
v -0.9 0.829 -0.466
v -1.667 0.316 -0.8
v -1.667 0.521 -0.573
v -1.667 0.858 -0.439
v -5.391 11.989 -3.96
v -5.209 12.226 -3.96
v -4.956 12.388 -3.96
v -5.219 12.78 -3.254
v -5.077 12.78 -3.451
v -4.86 12.78 -3.591
v -5.668 12.388 -3.254
v -5.697 12.226 -3.462
v -5.74 11.989 -3.598
v -5.544 11.989 -3.912
v -5.644 11.989 -3.836
v -5.711 11.989 -3.729
v -5.193 12.757 -3.531
v -5.33 12.692 -3.623
v -5.433 12.595 -3.694
v -5.507 12.485 -3.744
v -5.621 12.388 -3.637
v -5.544 12.388 -3.772
v -5.432 12.388 -3.859
v -5.655 12.226 -3.673
v -5.591 12.226 -3.802
v -5.479 12.226 -3.881
v -5.319 12.757 -3.349
v -5.433 12.692 -3.463
v -5.531 12.595 -3.551
v -5.594 12.485 -3.612
v -5.041 12.757 -3.675
v -5.193 12.692 -3.747
v -5.311 12.595 -3.801
v -5.394 12.485 -3.84
v -5.602 12.598 -3.251
v -5.504 12.693 -3.251
v -5.378 12.758 -3.254
v -5.652 12.485 -3.25
v -5.669 12.388 -3.451
v -5.352 12.757 -3.305
v -5.488 12.693 -3.364
v -5.589 12.596 -3.408
v -5.644 12.485 -3.438
v -4.952 12.481 -3.944
v -4.938 12.595 -3.91
v -4.922 12.692 -3.844
v -4.896 12.757 -3.731
v -5.158 12.483 -3.906
v -5.119 12.595 -3.867
v -5.06 12.692 -3.802
v -4.963 12.757 -3.702
v -5.181 12.388 -3.935
v 1.697 12.78 -1.697
v 0.918 12.78 -2.217
v 0 12.78 -2.4
v 2.217 12.78 -0.918
v 2.4 12.78 0
v 2.4 18.6 0
v 2.217 18.6 -0.918
v 1.697 18.6 -1.697
v 0 18.6 -2.4
v 0.918 18.6 -2.217
v 6.715 6.529 0
v 0 18.6 0
v 4.817 11.2 -3
v 6.4 2.4 -3
v 4.896 10.77 0
v 4.923 10.62 -0.765
v 5.004 10.168 -1.414
v 5.117 9.535 -1.848
v 5.243 8.8 -2
v 5.382 8.053 -1.848
v 5.499 7.404 -1.414
v 5.574 6.977 -0.765
v 5.594 6.833 0
v 0 0.02 -3
v 0 0.02 -3.96
v 0 1 -3.96
v 0 6.231 -3.96
v 0 11.749 -3.96
v 0 12.78 -3
v 0 11.2 -3
v 6.526 6.999 0
v 6.496 7.149 -0.765
v 6.417 7.576 -1.414
v 6.308 8.216 -1.848
v 6.172 8.969 -2
v 6.039 9.722 -1.848
v 5.926 10.362 -1.414
v 5.847 10.789 -0.765
v 5.821 10.939 0
v 6.765 6.232 -3
v 5.782 11.748 -3
v 6.4 0.02 -3
v 6.678 6.717 -0.956
v 7.7 0.02 -3
v 7.7 1 -3
v 7.7 0.02 0
v 7.7 1 0
v 6.4 2.4 0
v 6.4 0.02 0
v 6.765 6.232 0
v 5.782 11.748 0
v 4.817 11.2 0
v 0 11.2 0
v 6.579 7.25 -1.767
v 6.443 8.049 -2.309
v 6.272 8.99 -2.499
v 6.106 9.931 -2.309
v 5.965 10.73 -1.767
v 5.867 11.264 -0.956
v 5.834 11.451 0
v 6.614 6.508 0
v 6.577 6.696 -0.956
v 6.478 7.229 -1.767
v 6.342 8.028 -2.309
v 6.171 8.969 -2.499
v 6.005 9.91 -2.309
v 5.864 10.709 -1.767
v 5.766 11.243 -0.956
v 5.733 11.43 0
v 6.698 1 -3.96
v 4.782 11.749 -3.96
v 5.762 6.231 -3.96
v 4.598 12.78 -3
v 6.698 0.02 -3.96
v 4.598 12.78 0
v 0 12.78 -3.66
v 0 12.48 -3.96
v 0 12.757 -3.775
v 0 12.692 -3.872
v 0 12.595 -3.937
v 7.398 0.02 -3.96
v 7.7 0.02 -3.66
v 7.466 0.02 -3.769
v 7.513 0.02 -3.937
v 7.611 0.02 -3.872
v 7.677 0.02 -3.775
v 7.7 1 -3.66
v 7.398 1 -3.96
v 7.677 1 -3.775
v 7.611 1 -3.872
v 7.513 1 -3.937
v 5.482 11.749 -3.96
v 5.783 11.748 -3.66
v 5.597 11.749 -3.937
v 5.695 11.749 -3.872
v 5.761 11.749 -3.775
v 6.765 6.231 -3.66
v 6.462 6.231 -3.96
v 6.741 6.231 -3.775
v 6.676 6.231 -3.872
v 6.578 6.231 -3.937
v 5.652 12.485 -3
v 5.3 12.78 -3
v 5.609 12.598 -3
v 5.527 12.693 -3
v 5.419 12.758 -3
v 5.652 12.485 0
v 5.3 12.78 0
v 5.609 12.598 0
v 5.527 12.693 0
v 5.419 12.758 0
v 4.598 12.78 -3.66
v 4.651 12.48 -3.96
v 4.602 12.757 -3.775
v 4.613 12.692 -3.872
v 4.631 12.595 -3.937
v 4.4 0.15 -3
v 3.6 0.15 -3
v 4.4 0.15 -2.4
v 3.6 0.15 -2.4
v 4.4 11.2 -3
v 3.6 11.2 -3
v 4.4 11.2 -2.4
v 3.6 11.2 -2.4
v 0 2.4 -3
v 3 0.15 -3
v 0.9 1.2 -0.4
v 1.667 1.2 -0.4
v 0.9 0.15 -1.2
v 2.816 0.15 -2.449
v 2.543 0.15 -1.947
v 2.146 0.15 -1.537
v 2.201 0.15 -3
v 1.352 0.15 -1.852
v 2.081 0.15 -2.636
v 1.902 0.15 -2.308
v 1.643 0.15 -2.04
v 1.151 0.15 -1.724
v 1.002 0.15 -1.579
v 0.917 0.15 -1.383
v 1.863 0.15 -1.354
v 1.758 0.15 -1.268
v 1.685 0.165 -1.131
v 1.667 0.199 -1.003
v 3 11.2 -3
v 0.9 5 -0.4
v 1.668 5 -0.4
v 0.9 11.2 -1.2
v 2.816 11.2 -2.449
v 2.543 11.2 -1.947
v 2.146 11.2 -1.537
v 2.201 11.2 -3
v 1.352 11.2 -1.852
v 2.081 11.2 -2.636
v 1.902 11.2 -2.308
v 1.643 11.2 -2.04
v 1.151 11.2 -1.724
v 1.002 11.2 -1.579
v 0.917 11.2 -1.383
v 1.863 11.2 -1.354
v 1.758 11.2 -1.268
v 1.685 11.2 -1.131
v 1.667 11.2 -1.003
v 0.9 5.153 -0.37
v 1.668 5.153 -0.37
v 0.9 5.283 -0.283
v 1.668 5.283 -0.283
v 0.9 5.37 -0.153
v 1.668 5.37 -0.153
v 0.9 5.4 0
v 1.668 5.4 0
v 0.9 11.2 0
v 1.668 11.2 0
v 0.9 0.286 -0.896
v 0.9 0.491 -0.649
v 0.9 0.829 -0.466
v 1.667 0.316 -0.8
v 1.667 0.521 -0.573
v 1.667 0.858 -0.439
v 5.391 11.989 -3.96
v 5.209 12.226 -3.96
v 4.956 12.388 -3.96
v 5.219 12.78 -3.254
v 5.077 12.78 -3.451
v 4.86 12.78 -3.591
v 5.668 12.388 -3.254
v 5.697 12.226 -3.462
v 5.74 11.989 -3.598
v 5.544 11.989 -3.912
v 5.644 11.989 -3.836
v 5.711 11.989 -3.729
v 5.193 12.757 -3.531
v 5.33 12.692 -3.623
v 5.433 12.595 -3.694
v 5.507 12.485 -3.744
v 5.621 12.388 -3.637
v 5.544 12.388 -3.772
v 5.432 12.388 -3.859
v 5.655 12.226 -3.673
v 5.591 12.226 -3.802
v 5.479 12.226 -3.881
v 5.319 12.757 -3.349
v 5.433 12.692 -3.463
v 5.531 12.595 -3.551
v 5.594 12.485 -3.612
v 5.041 12.757 -3.675
v 5.193 12.692 -3.747
v 5.311 12.595 -3.801
v 5.394 12.485 -3.84
v 5.602 12.598 -3.251
v 5.504 12.693 -3.251
v 5.378 12.758 -3.254
v 5.652 12.485 -3.25
v 5.669 12.388 -3.451
v 5.352 12.757 -3.305
v 5.488 12.693 -3.364
v 5.589 12.596 -3.408
v 5.644 12.485 -3.438
v 4.952 12.481 -3.944
v 4.938 12.595 -3.91
v 4.922 12.692 -3.844
v 4.896 12.757 -3.731
v 5.158 12.483 -3.906
v 5.119 12.595 -3.867
v 5.06 12.692 -3.802
v 4.963 12.757 -3.702
v 5.181 12.388 -3.935
v -2.4 18.6 0
v -2.217 18.6 0.918
v -1.697 18.6 1.697
v -1.697 12.78 1.697
v -0.918 12.78 2.217
v 0 12.78 2.4
v 0 18.6 2.4
v -0.918 18.6 2.217
v -2.217 12.78 0.918
v -2.4 12.78 0
v -4.896 10.77 0
v -4.923 10.62 0.765
v -5.004 10.168 1.414
v -5.117 9.535 1.848
v -5.243 8.8 2
v -5.382 8.053 1.848
v -5.499 7.404 1.414
v -5.574 6.977 0.765
v -5.594 6.833 0
v -6.526 6.999 0
v -6.496 7.149 0.765
v -6.417 7.576 1.414
v -6.308 8.216 1.848
v -6.172 8.969 2
v -6.039 9.722 1.848
v -5.926 10.362 1.414
v -5.847 10.789 0.765
v -5.821 10.939 0
v -6.4 0.02 0
v -6.4 0.02 3
v -6.4 0.02 3
v -5.867 11.264 0.956
v -5.834 11.451 0
v -5.965 10.73 1.767
v -6.106 9.931 2.309
v -6.272 8.99 2.499
v -6.443 8.049 2.309
v -6.579 7.25 1.767
v -7.7 0.02 3
v -7.7 0.02 0
v -7.7 1 3
v -7.7 1 0
v -6.678 6.717 0.956
v -4.817 11.2 3
v -4.817 11.2 3
v -4.817 11.2 0
v -6.715 6.529 0
v -6.4 2.4 3
v -6.4 2.4 3
v -6.4 2.4 0
v 0 11.2 3
v -5.766 11.243 0.956
v -5.733 11.43 0
v -5.864 10.709 1.767
v -6.005 9.91 2.309
v -6.171 8.969 2.499
v -6.342 8.028 2.309
v -6.478 7.229 1.767
v -6.577 6.696 0.956
v -6.614 6.508 0
v 0 0.02 3
v 0 0.02 3.96
v -6.698 0.02 3.96
v -7.398 0.02 3.96
v -7.398 0.02 3.96
v -7.513 0.02 3.937
v -7.611 0.02 3.872
v -7.677 0.02 3.775
v -7.7 0.02 3.66
v -7.7 0.02 3.66
v -7.398 1 3.96
v -7.677 1 3.775
v -7.7 1 3.66
v -7.7 1 3.66
v -7.7 1 3.66
v -6.462 6.231 3.96
v -6.765 6.231 3.66
v -5.783 11.748 3.66
v -5.482 11.749 3.96
v -5.3 12.78 3
v -5.3 12.78 0
v -5.652 12.485 0
v -5.652 12.485 3
v -4.651 12.48 3.96
v 0 12.48 3.96
v 0 12.78 3.66
v -4.598 12.78 3.66
v -4.4 0.15 2.4
v -4.4 0.15 2.4
v -4.4 0.15 3
v -3.6 0.15 3
v -3.6 0.15 2.4
v -3.6 0.15 2.4
v -4.4 11.2 2.4
v -3.6 11.2 2.4
v -1.667 0.858 0.439
v -1.667 1.2 0.4
v -3 0.15 3
v -2.816 0.15 2.449
v -2.543 0.15 1.947
v -2.146 0.15 1.537
v -2.201 0.15 3
v -2.081 0.15 2.636
v -1.902 0.15 2.308
v -1.643 0.15 2.04
v -1.352 0.15 1.852
v -1.151 0.15 1.724
v -1.002 0.15 1.579
v -0.917 0.15 1.383
v -0.9 0.15 1.2
v -1.863 0.15 1.354
v -1.758 0.15 1.268
v -1.685 0.165 1.131
v -1.667 0.199 1.003
v -1.667 0.521 0.573
v -0.9 5 0.4
v -0.9 1.2 0.4
v -1.667 0.316 0.8
v -0.9 5.153 0.37
v -1.668 5 0.4
v -1.668 5.153 0.37
v -0.9 5.283 0.283
v -1.668 5.283 0.283
v -0.9 5.37 0.153
v -1.668 5.37 0.153
v -0.9 5.4 0
v -1.668 5.4 0
v -0.9 0.286 0.896
v -0.9 0.491 0.649
v -0.9 0.829 0.466
v -5.391 11.989 3.96
v -5.209 12.226 3.96
v -4.956 12.388 3.96
v -5.077 12.78 3.451
v -4.86 12.78 3.591
v -5.219 12.78 3.254
v -5.697 12.226 3.462
v -5.74 11.989 3.598
v -5.668 12.388 3.254
v 2.4 18.6 0
v 2.217 18.6 0.918
v 1.697 18.6 1.697
v 1.697 12.78 1.697
v 0.918 12.78 2.217
v 0.918 18.6 2.217
v 2.217 12.78 0.918
v 2.4 12.78 0
v 4.896 10.77 0
v 4.923 10.62 0.765
v 5.004 10.168 1.414
v 5.117 9.535 1.848
v 5.243 8.8 2
v 5.382 8.053 1.848
v 5.499 7.404 1.414
v 5.574 6.977 0.765
v 5.594 6.833 0
v 6.526 6.999 0
v 6.496 7.149 0.765
v 6.417 7.576 1.414
v 6.308 8.216 1.848
v 6.172 8.969 2
v 6.039 9.722 1.848
v 5.926 10.362 1.414
v 5.847 10.789 0.765
v 5.821 10.939 0
v 6.4 0.02 0
v 6.4 0.02 3
v 6.4 0.02 3
v 5.867 11.264 0.956
v 5.834 11.451 0
v 5.965 10.73 1.767
v 6.106 9.931 2.309
v 6.272 8.99 2.499
v 6.443 8.049 2.309
v 6.579 7.25 1.767
v 7.7 0.02 3
v 7.7 0.02 0
v 7.7 1 3
v 7.7 1 0
v 6.678 6.717 0.956
v 4.817 11.2 3
v 4.817 11.2 3
v 4.817 11.2 0
v 6.715 6.529 0
v 6.4 2.4 3
v 6.4 2.4 3
v 6.4 2.4 0
v 5.766 11.243 0.956
v 5.733 11.43 0
v 5.864 10.709 1.767
v 6.005 9.91 2.309
v 6.171 8.969 2.499
v 6.342 8.028 2.309
v 6.478 7.229 1.767
v 6.577 6.696 0.956
v 6.614 6.508 0
v 6.698 0.02 3.96
v 7.398 0.02 3.96
v 7.398 0.02 3.96
v 7.513 0.02 3.937
v 7.611 0.02 3.872
v 7.677 0.02 3.775
v 7.7 0.02 3.66
v 7.7 0.02 3.66
v 7.398 1 3.96
v 7.677 1 3.775
v 7.7 1 3.66
v 7.7 1 3.66
v 7.7 1 3.66
v 6.462 6.231 3.96
v 6.765 6.231 3.66
v 5.783 11.748 3.66
v 5.482 11.749 3.96
v 5.3 12.78 3
v 5.3 12.78 0
v 5.652 12.485 0
v 5.652 12.485 3
v 4.651 12.48 3.96
v 4.598 12.78 3.66
v 4.4 0.15 2.4
v 4.4 0.15 2.4
v 4.4 0.15 3
v 3.6 0.15 3
v 3.6 0.15 2.4
v 3.6 0.15 2.4
v 4.4 11.2 2.4
v 3.6 11.2 2.4
v 1.667 0.858 0.439
v 1.667 1.2 0.4
v 3 0.15 3
v 2.816 0.15 2.449
v 2.543 0.15 1.947
v 2.146 0.15 1.537
v 2.201 0.15 3
v 2.081 0.15 2.636
v 1.902 0.15 2.308
v 1.643 0.15 2.04
v 1.352 0.15 1.852
v 1.151 0.15 1.724
v 1.002 0.15 1.579
v 0.917 0.15 1.383
v 0.9 0.15 1.2
v 1.863 0.15 1.354
v 1.758 0.15 1.268
v 1.685 0.165 1.131
v 1.667 0.199 1.003
v 1.667 0.521 0.573
v 0.9 5 0.4
v 0.9 1.2 0.4
v 1.667 0.316 0.8
v 0.9 5.153 0.37
v 1.668 5 0.4
v 1.668 5.153 0.37
v 0.9 5.283 0.283
v 1.668 5.283 0.283
v 0.9 5.37 0.153
v 1.668 5.37 0.153
v 0.9 5.4 0
v 1.668 5.4 0
v 0.9 0.286 0.896
v 0.9 0.491 0.649
v 0.9 0.829 0.466
v 5.391 11.989 3.96
v 5.209 12.226 3.96
v 4.956 12.388 3.96
v 5.077 12.78 3.451
v 4.86 12.78 3.591
v 5.219 12.78 3.254
v 5.697 12.226 3.462
v 5.74 11.989 3.598
v 5.668 12.388 3.254
v -2.217 18.6 -0.918
v -1.697 18.6 -1.697
v -1.697 12.78 -1.697
v -0.918 12.78 -2.217
v 0 12.78 -2.4
v 0 18.6 -2.4
v -0.918 18.6 -2.217
v -2.217 12.78 -0.918
v -4.923 10.62 -0.765
v -5.004 10.168 -1.414
v -5.117 9.535 -1.848
v -5.243 8.8 -2
v -5.382 8.053 -1.848
v -5.499 7.404 -1.414
v -5.574 6.977 -0.765
v -6.496 7.149 -0.765
v -6.417 7.576 -1.414
v -6.308 8.216 -1.848
v -6.172 8.969 -2
v -6.039 9.722 -1.848
v -5.926 10.362 -1.414
v -5.847 10.789 -0.765
v -6.4 0.02 -3
v -6.4 0.02 -3
v -5.867 11.264 -0.956
v -5.965 10.73 -1.767
v -6.106 9.931 -2.309
v -6.272 8.99 -2.499
v -6.443 8.049 -2.309
v -6.579 7.25 -1.767
v -7.7 0.02 -3
v -7.7 1 -3
v -6.678 6.717 -0.956
v -4.817 11.2 -3
v -4.817 11.2 -3
v -6.4 2.4 -3
v -6.4 2.4 -3
v 0 11.2 -3
v -5.766 11.243 -0.956
v -5.864 10.709 -1.767
v -6.005 9.91 -2.309
v -6.171 8.969 -2.499
v -6.342 8.028 -2.309
v -6.478 7.229 -1.767
v -6.577 6.696 -0.956
v 0 0.02 -3
v 0 0.02 -3.96
v -6.698 0.02 -3.96
v -7.398 0.02 -3.96
v -7.398 0.02 -3.96
v -7.513 0.02 -3.937
v -7.611 0.02 -3.872
v -7.677 0.02 -3.775
v -7.7 0.02 -3.66
v -7.7 0.02 -3.66
v -7.398 1 -3.96
v -7.677 1 -3.775
v -7.7 1 -3.66
v -7.7 1 -3.66
v -7.7 1 -3.66
v -6.462 6.231 -3.96
v -6.765 6.231 -3.66
v -5.783 11.748 -3.66
v -5.482 11.749 -3.96
v -5.3 12.78 -3
v -5.652 12.485 -3
v -4.651 12.48 -3.96
v 0 12.48 -3.96
v 0 12.78 -3.66
v -4.598 12.78 -3.66
v -4.4 0.15 -2.4
v -4.4 0.15 -2.4
v -4.4 0.15 -3
v -3.6 0.15 -3
v -3.6 0.15 -2.4
v -3.6 0.15 -2.4
v -4.4 11.2 -2.4
v -3.6 11.2 -2.4
v -1.667 0.858 -0.439
v -1.667 1.2 -0.4
v -3 0.15 -3
v -2.816 0.15 -2.449
v -2.543 0.15 -1.947
v -2.146 0.15 -1.537
v -2.201 0.15 -3
v -2.081 0.15 -2.636
v -1.902 0.15 -2.308
v -1.643 0.15 -2.04
v -1.352 0.15 -1.852
v -1.151 0.15 -1.724
v -1.002 0.15 -1.579
v -0.917 0.15 -1.383
v -0.9 0.15 -1.2
v -1.863 0.15 -1.354
v -1.758 0.15 -1.268
v -1.685 0.165 -1.131
v -1.667 0.199 -1.003
v -1.667 0.521 -0.573
v -0.9 5 -0.4
v -0.9 1.2 -0.4
v -1.667 0.316 -0.8
v -0.9 5.153 -0.37
v -1.668 5 -0.4
v -1.668 5.153 -0.37
v -0.9 5.283 -0.283
v -1.668 5.283 -0.283
v -0.9 5.37 -0.153
v -1.668 5.37 -0.153
v -0.9 0.286 -0.896
v -0.9 0.491 -0.649
v -0.9 0.829 -0.466
v -5.391 11.989 -3.96
v -5.209 12.226 -3.96
v -4.956 12.388 -3.96
v -5.077 12.78 -3.451
v -4.86 12.78 -3.591
v -5.219 12.78 -3.254
v -5.697 12.226 -3.462
v -5.74 11.989 -3.598
v -5.668 12.388 -3.254
v 2.217 18.6 -0.918
v 1.697 18.6 -1.697
v 1.697 12.78 -1.697
v 0.918 12.78 -2.217
v 0.918 18.6 -2.217
v 2.217 12.78 -0.918
v 4.923 10.62 -0.765
v 5.004 10.168 -1.414
v 5.117 9.535 -1.848
v 5.243 8.8 -2
v 5.382 8.053 -1.848
v 5.499 7.404 -1.414
v 5.574 6.977 -0.765
v 6.496 7.149 -0.765
v 6.417 7.576 -1.414
v 6.308 8.216 -1.848
v 6.172 8.969 -2
v 6.039 9.722 -1.848
v 5.926 10.362 -1.414
v 5.847 10.789 -0.765
v 6.4 0.02 -3
v 6.4 0.02 -3
v 5.867 11.264 -0.956
v 5.965 10.73 -1.767
v 6.106 9.931 -2.309
v 6.272 8.99 -2.499
v 6.443 8.049 -2.309
v 6.579 7.25 -1.767
v 7.7 0.02 -3
v 7.7 1 -3
v 6.678 6.717 -0.956
v 4.817 11.2 -3
v 4.817 11.2 -3
v 6.4 2.4 -3
v 6.4 2.4 -3
v 5.766 11.243 -0.956
v 5.864 10.709 -1.767
v 6.005 9.91 -2.309
v 6.171 8.969 -2.499
v 6.342 8.028 -2.309
v 6.478 7.229 -1.767
v 6.577 6.696 -0.956
v 6.698 0.02 -3.96
v 7.398 0.02 -3.96
v 7.398 0.02 -3.96
v 7.513 0.02 -3.937
v 7.611 0.02 -3.872
v 7.677 0.02 -3.775
v 7.7 0.02 -3.66
v 7.7 0.02 -3.66
v 7.398 1 -3.96
v 7.677 1 -3.775
v 7.7 1 -3.66
v 7.7 1 -3.66
v 7.7 1 -3.66
v 6.462 6.231 -3.96
v 6.765 6.231 -3.66
v 5.783 11.748 -3.66
v 5.482 11.749 -3.96
v 5.3 12.78 -3
v 5.652 12.485 -3
v 4.651 12.48 -3.96
v 4.598 12.78 -3.66
v 4.4 0.15 -2.4
v 4.4 0.15 -2.4
v 4.4 0.15 -3
v 3.6 0.15 -3
v 3.6 0.15 -2.4
v 3.6 0.15 -2.4
v 4.4 11.2 -2.4
v 3.6 11.2 -2.4
v 1.667 0.858 -0.439
v 1.667 1.2 -0.4
v 3 0.15 -3
v 2.816 0.15 -2.449
v 2.543 0.15 -1.947
v 2.146 0.15 -1.537
v 2.201 0.15 -3
v 2.081 0.15 -2.636
v 1.902 0.15 -2.308
v 1.643 0.15 -2.04
v 1.352 0.15 -1.852
v 1.151 0.15 -1.724
v 1.002 0.15 -1.579
v 0.917 0.15 -1.383
v 0.9 0.15 -1.2
v 1.863 0.15 -1.354
v 1.758 0.15 -1.268
v 1.685 0.165 -1.131
v 1.667 0.199 -1.003
v 1.667 0.521 -0.573
v 0.9 5 -0.4
v 0.9 1.2 -0.4
v 1.667 0.316 -0.8
v 0.9 5.153 -0.37
v 1.668 5 -0.4
v 1.668 5.153 -0.37
v 0.9 5.283 -0.283
v 1.668 5.283 -0.283
v 0.9 5.37 -0.153
v 1.668 5.37 -0.153
v 0.9 0.286 -0.896
v 0.9 0.491 -0.649
v 0.9 0.829 -0.466
v 5.391 11.989 -3.96
v 5.209 12.226 -3.96
v 4.956 12.388 -3.96
v 5.077 12.78 -3.451
v 4.86 12.78 -3.591
v 5.219 12.78 -3.254
v 5.697 12.226 -3.462
v 5.74 11.989 -3.598
v 5.668 12.388 -3.254
vt 0.95 0.065
vt 0.951 0.065
vt 0.954 0.065
vt 0.954 0.065
vt 0.952 0.065
vt 0.954 0.065
vt 0.954 0.065
vt 0.951 0.065
vt 0.952 0.065
vt 0.954 0.065
vt 0.95 0.065
vt 0.95 0.065
vt 0.822 0.469
vt 0.807 0.469
vt 0.822 0.38
vt 0.807 0.469
vt 0.807 0.38
vt 0.822 0.38
vt 0.822 0.38
vt 0.836 0.38
vt 0.822 0.469
vt 0.836 0.38
vt 0.836 0.469
vt 0.822 0.469
vt 0.836 0.38
vt 0.851 0.38
vt 0.836 0.469
vt 0.851 0.38
vt 0.851 0.469
vt 0.836 0.469
vt 0.865 0.38
vt 0.865 0.469
vt 0.851 0.38
vt 0.865 0.469
vt 0.851 0.469
vt 0.851 0.38
vt 0.248 0.906
vt 0.228 0.906
vt 0.248 0.732
vt 0.228 0.906
vt 0.228 0.732
vt 0.248 0.732
vt 0.248 0.732
vt 0.228 0.732
vt 0.248 0.568
vt 0.228 0.732
vt 0.228 0.568
vt 0.248 0.568
vt 0.289 0.568
vt 0.289 0.537
vt 0.499 0.568
vt 0.289 0.537
vt 0.499 0.537
vt 0.499 0.568
vt 0.318 0.732
vt 0.349 0.905
vt 0.296 0.732
vt 0.349 0.905
vt 0.327 0.905
vt 0.296 0.732
vt 0.944 0.044
vt 0.942 0.044
vt 0.944 0.044
vt 0.942 0.044
vt 0.942 0.044
vt 0.944 0.044
vt 0.944 0.044
vt 0.942 0.044
vt 0.944 0.045
vt 0.942 0.044
vt 0.943 0.045
vt 0.944 0.045
vt 0.944 0.046
vt 0.944 0.045
vt 0.943 0.046
vt 0.944 0.045
vt 0.943 0.045
vt 0.943 0.046
vt 0.945 0.047
vt 0.944 0.046
vt 0.943 0.048
vt 0.944 0.046
vt 0.943 0.046
vt 0.943 0.048
vt 0.945 0.049
vt 0.945 0.047
vt 0.943 0.049
vt 0.945 0.047
vt 0.943 0.048
vt 0.943 0.049
vt 0.945 0.049
vt 0.943 0.049
vt 0.945 0.05
vt 0.943 0.049
vt 0.943 0.05
vt 0.945 0.05
vt 0.945 0.05
vt 0.945 0.05
vt 0.944 0.051
vt 0.945 0.05
vt 0.943 0.05
vt 0.944 0.051
vt 0.945 0.051
vt 0.945 0.05
vt 0.944 0.051
vt 0.945 0.05
vt 0.944 0.051
vt 0.944 0.051
vt 0.94 0.032
vt 0.94 0.032
vt 0.943 0.032
vt 0.94 0.032
vt 0.943 0.032
vt 0.943 0.032
vt 0.942 0.043
vt 0.942 0.043
vt 0.942 0.044
vt 0.942 0.043
vt 0.942 0.043
vt 0.942 0.044
vt 0.941 0.032
vt 0.941 0.032
vt 0.942 0.032
vt 0.941 0.032
vt 0.943 0.032
vt 0.942 0.032
vt 0.228 0.732
vt 0.133 0.732
vt 0.228 0.568
vt 0.133 0.732
vt 0.133 0.568
vt 0.228 0.568
vt 0.289 0.568
vt 0.267 0.568
vt 0.289 0.537
vt 0.267 0.568
vt 0.267 0.537
vt 0.289 0.537
vt 0.942 0.044
vt 0.942 0.043
vt 0.942 0.044
vt 0.942 0.043
vt 0.942 0.044
vt 0.942 0.044
vt 0.318 0.732
vt 0.296 0.732
vt 0.289 0.568
vt 0.296 0.732
vt 0.267 0.568
vt 0.289 0.568
vt 0.943 0.046
vt 0.942 0.044
vt 0.943 0.046
vt 0.942 0.044
vt 0.942 0.044
vt 0.943 0.046
vt 0.946 0.054
vt 0.945 0.054
vt 0.946 0.054
vt 0.945 0.054
vt 0.945 0.054
vt 0.946 0.054
vt 0.943 0.048
vt 0.943 0.046
vt 0.943 0.048
vt 0.943 0.046
vt 0.943 0.046
vt 0.943 0.048
vt 0.943 0.049
vt 0.943 0.048
vt 0.943 0.049
vt 0.943 0.048
vt 0.943 0.048
vt 0.943 0.049
vt 0.944 0.051
vt 0.943 0.049
vt 0.943 0.051
vt 0.943 0.049
vt 0.943 0.049
vt 0.943 0.051
vt 0.944 0.052
vt 0.944 0.051
vt 0.944 0.052
vt 0.944 0.051
vt 0.943 0.051
vt 0.944 0.052
vt 0.228 0.568
vt 0.133 0.568
vt 0.228 0.537
vt 0.133 0.568
vt 0.133 0.537
vt 0.228 0.537
vt 0.945 0.051
vt 0.945 0.052
vt 0.945 0.052
vt 0.944 0.052
vt 0.944 0.052
vt 0.944 0.052
vt 0.944 0.052
vt 0.944 0.052
vt 0.944 0.052
vt 0.944 0.044
vt 0.944 0.044
vt 0.943 0.036
vt 0.943 0.036
vt 0.954 0.036
vt 0.943 0.032
vt 0.954 0.036
vt 0.954 0.032
vt 0.943 0.032
vt 0.944 0.045
vt 0.943 0.036
vt 0.944 0.044
vt 0.944 0.046
vt 0.943 0.036
vt 0.944 0.045
vt 0.954 0.052
vt 0.954 0.052
vt 0.945 0.052
vt 0.954 0.052
vt 0.945 0.052
vt 0.945 0.052
vt 0.944 0.046
vt 0.945 0.047
vt 0.943 0.036
vt 0.943 0.032
vt 0.943 0.032
vt 0.943 0.036
vt 0.943 0.032
vt 0.943 0.036
vt 0.943 0.036
vt 0.945 0.052
vt 0.945 0.05
vt 0.945 0.05
vt 0.945 0.052
vt 0.945 0.049
vt 0.945 0.05
vt 0.945 0.052
vt 0.945 0.05
vt 0.945 0.051
vt 0.945 0.052
vt 0.945 0.047
vt 0.945 0.049
vt 0.943 0.036
vt 0.945 0.052
vt 0.954 0.036
vt 0.945 0.052
vt 0.954 0.052
vt 0.954 0.036
vt 0.945 0.047
vt 0.945 0.052
vt 0.943 0.036
vt 0.944 0.051
vt 0.944 0.051
vt 0.944 0.052
vt 0.944 0.051
vt 0.944 0.052
vt 0.944 0.052
vt 0.944 0.051
vt 0.943 0.05
vt 0.944 0.052
vt 0.943 0.05
vt 0.944 0.051
vt 0.944 0.052
vt 0.943 0.05
vt 0.943 0.049
vt 0.944 0.051
vt 0.943 0.049
vt 0.943 0.049
vt 0.944 0.051
vt 0.943 0.049
vt 0.943 0.048
vt 0.943 0.049
vt 0.943 0.048
vt 0.943 0.048
vt 0.943 0.049
vt 0.943 0.048
vt 0.943 0.046
vt 0.943 0.048
vt 0.943 0.046
vt 0.943 0.046
vt 0.943 0.048
vt 0.943 0.046
vt 0.943 0.045
vt 0.943 0.046
vt 0.943 0.045
vt 0.942 0.044
vt 0.943 0.046
vt 0.943 0.045
vt 0.942 0.044
vt 0.942 0.044
vt 0.942 0.044
vt 0.942 0.043
vt 0.942 0.044
vt 0.942 0.044
vt 0.942 0.044
vt 0.942 0.043
vt 0.942 0.044
vt 0.942 0.043
vt 0.942 0.043
vt 0.133 0.732
vt 0.228 0.732
vt 0.163 0.748
vt 0.163 0.748
vt 0.228 0.732
vt 0.189 0.764
vt 0.189 0.764
vt 0.228 0.732
vt 0.206 0.789
vt 0.206 0.789
vt 0.228 0.732
vt 0.212 0.819
vt 0.212 0.819
vt 0.228 0.732
vt 0.228 0.906
vt 0.133 0.742
vt 0.133 0.732
vt 0.163 0.748
vt 0.206 0.849
vt 0.212 0.819
vt 0.228 0.906
vt 0.189 0.874
vt 0.206 0.849
vt 0.228 0.906
vt 0.163 0.891
vt 0.189 0.874
vt 0.228 0.906
vt 0.228 0.906
vt 0.133 0.906
vt 0.163 0.891
vt 0.133 0.906
vt 0.133 0.896
vt 0.163 0.891
vt 0.954 0.032
vt 0.942 0.032
vt 0.954 0.032
vt 0.942 0.032
vt 0.943 0.032
vt 0.954 0.032
vt 0.944 0.044
vt 0.943 0.036
vt 0.943 0.036
vt 0.228 0.537
vt 0.248 0.537
vt 0.228 0.568
vt 0.248 0.537
vt 0.248 0.568
vt 0.228 0.568
vt 0.946 0.054
vt 0.954 0.054
vt 0.946 0.054
vt 0.954 0.054
vt 0.954 0.054
vt 0.946 0.054
vt 0.499 0.732
vt 0.499 0.905
vt 0.318 0.732
vt 0.499 0.905
vt 0.349 0.905
vt 0.318 0.732
vt 0.289 0.568
vt 0.499 0.568
vt 0.318 0.732
vt 0.499 0.568
vt 0.499 0.732
vt 0.318 0.732
vt 0.941 0.032
vt 0.94 0.032
vt 0.943 0.032
vt 0.94 0.032
vt 0.94 0.032
vt 0.943 0.032
vt 0.228 0.929
vt 0.133 0.929
vt 0.228 0.906
vt 0.133 0.929
vt 0.133 0.906
vt 0.228 0.906
vt 0.95 0.054
vt 0.95 0.054
vt 0.946 0.054
vt 0.95 0.054
vt 0.946 0.054
vt 0.946 0.054
vt 0.951 0.054
vt 0.95 0.054
vt 0.946 0.054
vt 0.952 0.054
vt 0.951 0.054
vt 0.946 0.054
vt 0.946 0.054
vt 0.954 0.054
vt 0.952 0.054
vt 0.954 0.054
vt 0.954 0.054
vt 0.952 0.054
vt 0.941 0.032
vt 0.941 0.032
vt 0.941 0.032
vt 0.941 0.032
vt 0.94 0.032
vt 0.941 0.032
vt 0.94 0.032
vt 0.94 0.032
vt 0.941 0.032
vt 0.94 0.032
vt 0.94 0.032
vt 0.941 0.032
vt 0.335 0.92
vt 0.33 0.912
vt 0.349 0.905
vt 0.248 0.906
vt 0.246 0.913
vt 0.228 0.906
vt 0.228 0.906
vt 0.242 0.921
vt 0.236 0.926
vt 0.335 0.92
vt 0.349 0.905
vt 0.343 0.925
vt 0.946 0.054
vt 0.945 0.054
vt 0.945 0.054
vt 0.946 0.054
vt 0.946 0.054
vt 0.945 0.054
vt 0.349 0.905
vt 0.353 0.928
vt 0.343 0.925
vt 0.941 0.032
vt 0.941 0.033
vt 0.941 0.032
vt 0.941 0.033
vt 0.941 0.033
vt 0.941 0.032
vt 0.941 0.032
vt 0.941 0.033
vt 0.94 0.032
vt 0.941 0.033
vt 0.94 0.033
vt 0.94 0.032
vt 0.94 0.032
vt 0.94 0.033
vt 0.94 0.032
vt 0.94 0.033
vt 0.94 0.033
vt 0.94 0.032
vt 0.94 0.032
vt 0.94 0.033
vt 0.94 0.032
vt 0.94 0.033
vt 0.94 0.033
vt 0.94 0.032
vt 0.228 0.929
vt 0.228 0.906
vt 0.236 0.926
vt 0.941 0.033
vt 0.942 0.043
vt 0.941 0.033
vt 0.942 0.043
vt 0.942 0.043
vt 0.941 0.033
vt 0.941 0.033
vt 0.942 0.043
vt 0.94 0.033
vt 0.942 0.043
vt 0.942 0.043
vt 0.94 0.033
vt 0.94 0.033
vt 0.942 0.043
vt 0.94 0.033
vt 0.942 0.043
vt 0.942 0.043
vt 0.94 0.033
vt 0.94 0.033
vt 0.942 0.043
vt 0.94 0.033
vt 0.942 0.043
vt 0.942 0.043
vt 0.94 0.033
vt 0.944 0.053
vt 0.942 0.043
vt 0.944 0.053
vt 0.942 0.043
vt 0.942 0.043
vt 0.944 0.053
vt 0.944 0.053
vt 0.942 0.043
vt 0.944 0.053
vt 0.942 0.043
vt 0.942 0.043
vt 0.944 0.053
vt 0.944 0.053
vt 0.942 0.043
vt 0.944 0.053
vt 0.942 0.043
vt 0.942 0.043
vt 0.944 0.053
vt 0.944 0.053
vt 0.942 0.043
vt 0.944 0.053
vt 0.942 0.043
vt 0.942 0.043
vt 0.944 0.053
vt 0.945 0.054
vt 0.945 0.054
vt 0.946 0.054
vt 0.228 0.906
vt 0.246 0.913
vt 0.242 0.921
vt 0.945 0.054
vt 0.945 0.054
vt 0.944 0.054
vt 0.945 0.054
vt 0.944 0.054
vt 0.944 0.054
vt 0.944 0.054
vt 0.944 0.054
vt 0.944 0.054
vt 0.944 0.054
vt 0.944 0.054
vt 0.944 0.054
vt 0.944 0.054
vt 0.944 0.054
vt 0.944 0.054
vt 0.944 0.054
vt 0.944 0.054
vt 0.944 0.054
vt 0.944 0.054
vt 0.944 0.054
vt 0.944 0.054
vt 0.944 0.054
vt 0.944 0.054
vt 0.944 0.054
vt 0.946 0.054
vt 0.945 0.054
vt 0.945 0.054
vt 0.33 0.912
vt 0.327 0.905
vt 0.349 0.905
vt 0.946 0.054
vt 0.954 0.054
vt 0.946 0.054
vt 0.954 0.054
vt 0.954 0.054
vt 0.946 0.054
vt 0.946 0.054
vt 0.954 0.054
vt 0.946 0.054
vt 0.954 0.054
vt 0.954 0.054
vt 0.946 0.054
vt 0.946 0.054
vt 0.954 0.054
vt 0.946 0.054
vt 0.954 0.054
vt 0.954 0.054
vt 0.946 0.054
vt 0.946 0.054
vt 0.954 0.054
vt 0.946 0.054
vt 0.954 0.054
vt 0.954 0.054
vt 0.946 0.054
vt 0.499 0.905
vt 0.499 0.928
vt 0.349 0.905
vt 0.499 0.928
vt 0.353 0.928
vt 0.349 0.905
vt 0.946 0.032
vt 0.946 0.032
vt 0.948 0.032
vt 0.946 0.032
vt 0.948 0.032
vt 0.948 0.032
vt 0.946 0.032
vt 0.946 0.052
vt 0.948 0.032
vt 0.946 0.052
vt 0.948 0.052
vt 0.948 0.032
vt 0.948 0.032
vt 0.948 0.052
vt 0.948 0.032
vt 0.948 0.052
vt 0.948 0.052
vt 0.948 0.032
vt 0.946 0.032
vt 0.946 0.052
vt 0.946 0.032
vt 0.946 0.052
vt 0.946 0.052
vt 0.946 0.032
vt 0.949 0.032
vt 0.95 0.032
vt 0.949 0.032
vt 0.95 0.032
vt 0.95 0.032
vt 0.949 0.032
vt 0.949 0.032
vt 0.951 0.032
vt 0.949 0.032
vt 0.951 0.032
vt 0.95 0.032
vt 0.949 0.032
vt 0.95 0.032
vt 0.951 0.032
vt 0.949 0.032
vt 0.951 0.032
vt 0.951 0.032
vt 0.949 0.032
vt 0.952 0.032
vt 0.951 0.032
vt 0.951 0.032
vt 0.951 0.032
vt 0.95 0.032
vt 0.951 0.032
vt 0.951 0.032
vt 0.952 0.032
vt 0.952 0.032
vt 0.952 0.032
vt 0.952 0.032
vt 0.951 0.032
vt 0.952 0.032
vt 0.951 0.032
vt 0.951 0.032
vt 0.952 0.032
vt 0.952 0.032
vt 0.951 0.032
vt 0.952 0.032
vt 0.951 0.032
vt 0.951 0.032
vt 0.951 0.032
vt 0.952 0.032
vt 0.951 0.032
vt 0.952 0.032
vt 0.952 0.032
vt 0.951 0.032
vt 0.952 0.033
vt 0.952 0.032
vt 0.951 0.033
vt 0.952 0.032
vt 0.951 0.032
vt 0.951 0.033
vt 0.952 0.032
vt 0.952 0.032
vt 0.951 0.032
vt 0.952 0.032
vt 0.951 0.032
vt 0.951 0.032
vt 0.951 0.032
vt 0.951 0.032
vt 0.951 0.052
vt 0.951 0.032
vt 0.951 0.052
vt 0.951 0.052
vt 0.951 0.032
vt 0.951 0.032
vt 0.951 0.052
vt 0.951 0.032
vt 0.951 0.052
vt 0.951 0.052
vt 0.95 0.032
vt 0.95 0.032
vt 0.95 0.052
vt 0.95 0.032
vt 0.95 0.052
vt 0.95 0.052
vt 0.952 0.032
vt 0.952 0.032
vt 0.952 0.052
vt 0.952 0.032
vt 0.952 0.052
vt 0.952 0.052
vt 0.952 0.034
vt 0.952 0.033
vt 0.951 0.034
vt 0.952 0.033
vt 0.951 0.033
vt 0.951 0.034
vt 0.95 0.032
vt 0.949 0.032
vt 0.95 0.052
vt 0.949 0.032
vt 0.949 0.052
vt 0.95 0.052
vt 0.952 0.032
vt 0.952 0.032
vt 0.952 0.052
vt 0.952 0.032
vt 0.952 0.052
vt 0.952 0.052
vt 0.949 0.032
vt 0.949 0.032
vt 0.949 0.052
vt 0.949 0.032
vt 0.949 0.052
vt 0.949 0.052
vt 0.951 0.032
vt 0.951 0.032
vt 0.951 0.052
vt 0.951 0.032
vt 0.951 0.052
vt 0.951 0.052
vt 0.952 0.032
vt 0.952 0.034
vt 0.952 0.052
vt 0.952 0.034
vt 0.952 0.04
vt 0.952 0.052
vt 0.951 0.032
vt 0.95 0.032
vt 0.951 0.052
vt 0.95 0.032
vt 0.95 0.052
vt 0.951 0.052
vt 0.951 0.032
vt 0.952 0.032
vt 0.951 0.052
vt 0.952 0.032
vt 0.952 0.052
vt 0.951 0.052
vt 0.95 0.032
vt 0.951 0.032
vt 0.95 0.052
vt 0.951 0.032
vt 0.951 0.052
vt 0.95 0.052
vt 0.952 0.032
vt 0.952 0.032
vt 0.952 0.052
vt 0.952 0.032
vt 0.952 0.052
vt 0.952 0.052
vt 0.952 0.032
vt 0.952 0.032
vt 0.952 0.052
vt 0.952 0.032
vt 0.952 0.052
vt 0.952 0.052
vt 0.951 0.032
vt 0.951 0.032
vt 0.951 0.052
vt 0.951 0.032
vt 0.951 0.052
vt 0.951 0.052
vt 0.949 0.032
vt 0.949 0.032
vt 0.949 0.052
vt 0.949 0.032
vt 0.949 0.052
vt 0.949 0.052
vt 0.952 0.04
vt 0.951 0.04
vt 0.952 0.041
vt 0.951 0.04
vt 0.951 0.041
vt 0.952 0.041
vt 0.952 0.041
vt 0.951 0.041
vt 0.952 0.041
vt 0.951 0.041
vt 0.951 0.041
vt 0.952 0.041
vt 0.952 0.041
vt 0.951 0.041
vt 0.952 0.041
vt 0.951 0.041
vt 0.951 0.041
vt 0.952 0.041
vt 0.952 0.041
vt 0.951 0.041
vt 0.952 0.041
vt 0.951 0.041
vt 0.951 0.041
vt 0.952 0.041
vt 0.951 0.052
vt 0.951 0.041
vt 0.951 0.041
vt 0.951 0.052
vt 0.951 0.041
vt 0.951 0.041
vt 0.951 0.052
vt 0.951 0.041
vt 0.951 0.041
vt 0.951 0.052
vt 0.951 0.041
vt 0.951 0.04
vt 0.952 0.052
vt 0.952 0.04
vt 0.952 0.041
vt 0.952 0.052
vt 0.952 0.041
vt 0.952 0.041
vt 0.952 0.052
vt 0.952 0.041
vt 0.952 0.041
vt 0.952 0.052
vt 0.952 0.041
vt 0.952 0.041
vt 0.952 0.041
vt 0.952 0.052
vt 0.952 0.052
vt 0.951 0.052
vt 0.951 0.052
vt 0.951 0.041
vt 0.951 0.032
vt 0.951 0.032
vt 0.952 0.032
vt 0.951 0.032
vt 0.952 0.032
vt 0.952 0.032
vt 0.952 0.032
vt 0.952 0.033
vt 0.952 0.032
vt 0.952 0.034
vt 0.952 0.032
vt 0.952 0.033
vt 0.952 0.032
vt 0.952 0.032
vt 0.952 0.033
vt 0.952 0.04
vt 0.952 0.034
vt 0.951 0.04
vt 0.952 0.034
vt 0.951 0.034
vt 0.951 0.04
vt 0.951 0.04
vt 0.951 0.034
vt 0.951 0.052
vt 0.951 0.034
vt 0.951 0.032
vt 0.951 0.052
vt 0.951 0.033
vt 0.951 0.032
vt 0.951 0.034
vt 0.951 0.032
vt 0.951 0.032
vt 0.951 0.034
vt 0.951 0.032
vt 0.951 0.032
vt 0.951 0.033
vt 0.944 0.053
vt 0.944 0.053
vt 0.944 0.053
vt 0.944 0.053
vt 0.944 0.053
vt 0.944 0.053
vt 0.944 0.053
vt 0.944 0.053
vt 0.944 0.053
vt 0.944 0.053
vt 0.944 0.053
vt 0.944 0.053
vt 0.944 0.053
vt 0.944 0.053
vt 0.944 0.053
vt 0.944 0.053
vt 0.944 0.053
vt 0.944 0.053
vt 0.944 0.053
vt 0.944 0.053
vt 0.944 0.053
vt 0.944 0.053
vt 0.944 0.053
vt 0.944 0.053
vt 0.945 0.053
vt 0.944 0.053
vt 0.944 0.053
vt 0.944 0.053
vt 0.944 0.053
vt 0.944 0.053
vt 0.944 0.053
vt 0.944 0.053
vt 0.944 0.053
vt 0.944 0.053
vt 0.944 0.053
vt 0.944 0.053
vt 0.944 0.053
vt 0.944 0.053
vt 0.944 0.053
vt 0.944 0.053
vt 0.944 0.053
vt 0.944 0.053
vt 0.944 0.053
vt 0.944 0.053
vt 0.944 0.053
vt 0.944 0.053
vt 0.944 0.053
vt 0.944 0.053
vt 0.945 0.054
vt 0.945 0.054
vt 0.945 0.053
vt 0.944 0.054
vt 0.944 0.054
vt 0.944 0.053
vt 0.944 0.054
vt 0.944 0.053
vt 0.944 0.053
vt 0.944 0.054
vt 0.944 0.054
vt 0.944 0.053
vt 0.944 0.054
vt 0.944 0.053
vt 0.944 0.053
vt 0.944 0.054
vt 0.944 0.054
vt 0.944 0.054
vt 0.944 0.054
vt 0.944 0.054
vt 0.944 0.054
vt 0.944 0.054
vt 0.944 0.054
vt 0.944 0.054
vt 0.944 0.054
vt 0.944 0.054
vt 0.944 0.054
vt 0.945 0.054
vt 0.944 0.054
vt 0.944 0.054
vt 0.944 0.054
vt 0.944 0.054
vt 0.944 0.054
vt 0.945 0.054
vt 0.945 0.054
vt 0.945 0.054
vt 0.945 0.054
vt 0.944 0.054
vt 0.945 0.054
vt 0.945 0.054
vt 0.945 0.054
vt 0.945 0.054
vt 0.945 0.054
vt 0.945 0.054
vt 0.945 0.054
vt 0.944 0.054
vt 0.944 0.054
vt 0.944 0.054
vt 0.944 0.054
vt 0.944 0.054
vt 0.944 0.054
vt 0.944 0.054
vt 0.944 0.054
vt 0.945 0.054
vt 0.944 0.054
vt 0.944 0.054
vt 0.945 0.054
vt 0.945 0.054
vt 0.944 0.054
vt 0.945 0.054
vt 0.944 0.054
vt 0.945 0.054
vt 0.945 0.054
vt 0.945 0.054
vt 0.945 0.054
vt 0.945 0.054
vt 0.945 0.054
vt 0.945 0.054
vt 0.945 0.054
vt 0.944 0.054
vt 0.944 0.054
vt 0.944 0.054
vt 0.944 0.054
vt 0.944 0.054
vt 0.944 0.054
vt 0.945 0.054
vt 0.945 0.054
vt 0.945 0.054
vt 0.945 0.054
vt 0.945 0.054
vt 0.945 0.054
vt 0.944 0.054
vt 0.944 0.054
vt 0.944 0.054
vt 0.944 0.054
vt 0.944 0.054
vt 0.944 0.054
vt 0.944 0.054
vt 0.944 0.054
vt 0.944 0.054
vt 0.944 0.054
vt 0.944 0.054
vt 0.944 0.054
vt 0.944 0.054
vt 0.944 0.054
vt 0.944 0.054
vt 0.944 0.054
vt 0.944 0.054
vt 0.945 0.054
vt 0.944 0.054
vt 0.945 0.054
vt 0.945 0.054
vt 0.945 0.054
vt 0.944 0.054
vt 0.944 0.054
vt 0.944 0.054
vt 0.944 0.054
vt 0.944 0.054
vt 0.944 0.054
vt 0.944 0.054
vt 0.944 0.054
vt 0.944 0.054
vt 0.944 0.054
vt 0.944 0.054
vt 0.944 0.054
vt 0.944 0.054
vt 0.944 0.054
vt 0.944 0.054
vt 0.944 0.054
vt 0.944 0.054
vt 0.944 0.054
vt 0.944 0.054
vt 0.944 0.054
vt 0.944 0.054
vt 0.944 0.054
vt 0.944 0.054
vt 0.944 0.054
vt 0.944 0.054
vt 0.944 0.054
vt 0.944 0.054
vt 0.944 0.054
vt 0.944 0.054
vt 0.944 0.054
vt 0.944 0.054
vt 0.944 0.054
vt 0.944 0.054
vt 0.944 0.054
vt 0.944 0.054
vt 0.944 0.054
vt 0.944 0.054
vt 0.944 0.054
vt 0.944 0.054
vt 0.944 0.054
vt 0.944 0.054
vt 0.944 0.054
vt 0.944 0.054
vt 0.944 0.054
vt 0.944 0.054
vt 0.945 0.054
vt 0.944 0.054
vt 0.945 0.054
vt 0.944 0.054
vt 0.944 0.054
vt 0.944 0.054
vt 0.944 0.054
vt 0.944 0.053
vt 0.944 0.054
vt 0.944 0.053
vt 0.944 0.053
vt 0.944 0.053
vt 0.944 0.054
vt 0.944 0.054
vt 0.945 0.054
vt 0.945 0.054
vt 0.944 0.054
vt 0.945 0.054
vt 0.945 0.054
vt 0.944 0.054
vt 0.945 0.054
vt 0.945 0.054
vt 0.945 0.054
vt 0.945 0.054
vt 0.945 0.054
vt 0.945 0.054
vt 0.945 0.054
vt 0.945 0.054
vt 0.945 0.054
vt 0.945 0.054
vt 0.945 0.054
vt 0.945 0.054
vt 0.946 0.054
vt 0.946 0.054
vt 0.945 0.054
vt 0.946 0.054
vt 0.945 0.054
vt 0.945 0.054
vt 0.946 0.054
vt 0.946 0.054
vt 0.945 0.054
vt 0.946 0.054
vt 0.945 0.054
vt 0.945 0.054
vt 0.946 0.054
vt 0.946 0.054
vt 0.945 0.054
vt 0.946 0.054
vt 0.945 0.054
vt 0.945 0.054
vt 0.946 0.054
vt 0.946 0.054
vt 0.945 0.054
vt 0.946 0.054
vt 0.945 0.054
vt 0.945 0.054
vt 0.945 0.054
vt 0.946 0.054
vt 0.945 0.054
vt 0.945 0.054
vt 0.945 0.054
vt 0.944 0.054
vt 0.945 0.054
vt 0.945 0.054
vt 0.945 0.054
vt 0.945 0.054
vt 0.945 0.054
vt 0.945 0.054
vt 0.945 0.054
vt 0.945 0.054
vt 0.945 0.054
vt 0.945 0.054
vt 0.945 0.054
vt 0.945 0.054
vt 0.945 0.054
vt 0.945 0.054
vt 0.945 0.054
vt 0.945 0.054
vt 0.945 0.054
vt 0.945 0.054
vt 0.944 0.054
vt 0.944 0.053
vt 0.945 0.054
vt 0.944 0.053
vt 0.945 0.053
vt 0.945 0.054
vt 0.945 0.054
vt 0.945 0.054
vt 0.945 0.054
vt 0.945 0.054
vt 0.945 0.054
vt 0.945 0.054
vt 0.944 0.054
vt 0.945 0.054
vt 0.944 0.054
vt 0.945 0.054
vt 0.945 0.054
vt 0.944 0.054
vt 0.945 0.054
vt 0.945 0.054
vt 0.945 0.054
vt 0.945 0.054
vt 0.945 0.054
vt 0.945 0.054
vt 0.958 0.065
vt 0.954 0.065
vt 0.957 0.065
vt 0.954 0.065
vt 0.954 0.065
vt 0.956 0.065
vt 0.954 0.065
vt 0.956 0.065
vt 0.957 0.065
vt 0.954 0.065
vt 0.958 0.065
vt 0.958 0.065
vt 0.908 0.469
vt 0.908 0.38
vt 0.923 0.469
vt 0.908 0.38
vt 0.923 0.38
vt 0.923 0.469
vt 0.894 0.469
vt 0.894 0.38
vt 0.908 0.469
vt 0.894 0.38
vt 0.908 0.38
vt 0.908 0.469
vt 0.879 0.469
vt 0.879 0.38
vt 0.894 0.469
vt 0.879 0.38
vt 0.894 0.38
vt 0.894 0.469
vt 0.865 0.38
vt 0.879 0.38
vt 0.865 0.469
vt 0.879 0.38
vt 0.879 0.469
vt 0.865 0.469
vt 0.75 0.906
vt 0.75 0.732
vt 0.771 0.906
vt 0.75 0.732
vt 0.771 0.732
vt 0.771 0.906
vt 0.75 0.732
vt 0.75 0.568
vt 0.771 0.732
vt 0.75 0.568
vt 0.771 0.568
vt 0.771 0.732
vt 0.709 0.568
vt 0.499 0.568
vt 0.709 0.537
vt 0.499 0.568
vt 0.499 0.537
vt 0.709 0.537
vt 0.679 0.732
vt 0.701 0.732
vt 0.649 0.905
vt 0.701 0.732
vt 0.67 0.905
vt 0.649 0.905
vt 0.964 0.044
vt 0.964 0.044
vt 0.966 0.044
vt 0.964 0.044
vt 0.966 0.044
vt 0.966 0.044
vt 0.964 0.044
vt 0.964 0.045
vt 0.966 0.044
vt 0.964 0.045
vt 0.965 0.045
vt 0.966 0.044
vt 0.964 0.046
vt 0.965 0.046
vt 0.964 0.045
vt 0.965 0.046
vt 0.965 0.045
vt 0.964 0.045
vt 0.963 0.047
vt 0.965 0.048
vt 0.964 0.046
vt 0.965 0.048
vt 0.965 0.046
vt 0.964 0.046
vt 0.963 0.049
vt 0.965 0.049
vt 0.963 0.047
vt 0.965 0.049
vt 0.965 0.048
vt 0.963 0.047
vt 0.963 0.049
vt 0.963 0.05
vt 0.965 0.049
vt 0.963 0.05
vt 0.965 0.05
vt 0.965 0.049
vt 0.963 0.05
vt 0.964 0.051
vt 0.963 0.05
vt 0.964 0.051
vt 0.965 0.05
vt 0.963 0.05
vt 0.963 0.051
vt 0.964 0.051
vt 0.963 0.05
vt 0.964 0.051
vt 0.964 0.051
vt 0.963 0.05
vt 0.968 0.032
vt 0.965 0.032
vt 0.968 0.032
vt 0.965 0.032
vt 0.965 0.032
vt 0.968 0.032
vt 0.966 0.043
vt 0.966 0.044
vt 0.966 0.043
vt 0.966 0.044
vt 0.966 0.043
vt 0.966 0.043
vt 0.967 0.032
vt 0.966 0.032
vt 0.967 0.032
vt 0.966 0.032
vt 0.965 0.032
vt 0.967 0.032
vt 0.771 0.732
vt 0.771 0.568
vt 0.865 0.732
vt 0.771 0.568
vt 0.865 0.568
vt 0.865 0.732
vt 0.709 0.568
vt 0.709 0.537
vt 0.731 0.568
vt 0.709 0.537
vt 0.731 0.537
vt 0.731 0.568
vt 0.966 0.044
vt 0.966 0.044
vt 0.966 0.043
vt 0.966 0.044
vt 0.966 0.044
vt 0.966 0.043
vt 0.679 0.732
vt 0.709 0.568
vt 0.701 0.732
vt 0.709 0.568
vt 0.731 0.568
vt 0.701 0.732
vt 0.965 0.046
vt 0.966 0.046
vt 0.966 0.044
vt 0.966 0.046
vt 0.966 0.044
vt 0.966 0.044
vt 0.962 0.054
vt 0.962 0.054
vt 0.963 0.054
vt 0.962 0.054
vt 0.963 0.054
vt 0.963 0.054
vt 0.965 0.048
vt 0.965 0.048
vt 0.965 0.046
vt 0.965 0.048
vt 0.966 0.046
vt 0.965 0.046
vt 0.965 0.049
vt 0.965 0.049
vt 0.965 0.048
vt 0.965 0.049
vt 0.965 0.048
vt 0.965 0.048
vt 0.964 0.051
vt 0.965 0.051
vt 0.965 0.049
vt 0.965 0.051
vt 0.965 0.049
vt 0.965 0.049
vt 0.964 0.052
vt 0.964 0.052
vt 0.964 0.051
vt 0.964 0.052
vt 0.965 0.051
vt 0.964 0.051
vt 0.771 0.568
vt 0.771 0.537
vt 0.865 0.568
vt 0.771 0.537
vt 0.865 0.537
vt 0.865 0.568
vt 0.963 0.051
vt 0.963 0.052
vt 0.963 0.052
vt 0.964 0.052
vt 0.964 0.052
vt 0.964 0.052
vt 0.964 0.052
vt 0.964 0.052
vt 0.964 0.052
vt 0.964 0.044
vt 0.965 0.036
vt 0.964 0.044
vt 0.965 0.036
vt 0.965 0.032
vt 0.954 0.036
vt 0.965 0.032
vt 0.954 0.032
vt 0.954 0.036
vt 0.964 0.045
vt 0.964 0.044
vt 0.965 0.036
vt 0.964 0.046
vt 0.964 0.045
vt 0.965 0.036
vt 0.954 0.052
vt 0.963 0.052
vt 0.954 0.052
vt 0.963 0.052
vt 0.963 0.052
vt 0.954 0.052
vt 0.964 0.046
vt 0.965 0.036
vt 0.963 0.047
vt 0.965 0.032
vt 0.965 0.036
vt 0.965 0.032
vt 0.965 0.036
vt 0.965 0.036
vt 0.965 0.032
vt 0.963 0.052
vt 0.963 0.05
vt 0.963 0.05
vt 0.963 0.052
vt 0.963 0.05
vt 0.963 0.049
vt 0.963 0.052
vt 0.963 0.051
vt 0.963 0.05
vt 0.963 0.052
vt 0.963 0.049
vt 0.963 0.047
vt 0.965 0.036
vt 0.954 0.036
vt 0.963 0.052
vt 0.954 0.036
vt 0.954 0.052
vt 0.963 0.052
vt 0.963 0.047
vt 0.965 0.036
vt 0.963 0.052
vt 0.964 0.051
vt 0.964 0.052
vt 0.964 0.051
vt 0.964 0.052
vt 0.964 0.052
vt 0.964 0.051
vt 0.964 0.051
vt 0.964 0.052
vt 0.965 0.05
vt 0.964 0.052
vt 0.964 0.051
vt 0.965 0.05
vt 0.965 0.05
vt 0.964 0.051
vt 0.965 0.049
vt 0.964 0.051
vt 0.965 0.049
vt 0.965 0.049
vt 0.965 0.049
vt 0.965 0.049
vt 0.965 0.048
vt 0.965 0.049
vt 0.965 0.048
vt 0.965 0.048
vt 0.965 0.048
vt 0.965 0.048
vt 0.965 0.046
vt 0.965 0.048
vt 0.965 0.046
vt 0.965 0.046
vt 0.965 0.046
vt 0.965 0.046
vt 0.965 0.045
vt 0.965 0.046
vt 0.966 0.044
vt 0.965 0.045
vt 0.965 0.045
vt 0.966 0.044
vt 0.966 0.044
vt 0.966 0.044
vt 0.966 0.043
vt 0.966 0.044
vt 0.966 0.044
vt 0.966 0.043
vt 0.966 0.044
vt 0.966 0.043
vt 0.966 0.043
vt 0.966 0.044
vt 0.865 0.732
vt 0.835 0.748
vt 0.771 0.732
vt 0.835 0.748
vt 0.81 0.764
vt 0.771 0.732
vt 0.81 0.764
vt 0.793 0.789
vt 0.771 0.732
vt 0.793 0.789
vt 0.787 0.819
vt 0.771 0.732
vt 0.787 0.819
vt 0.771 0.906
vt 0.771 0.732
vt 0.865 0.742
vt 0.835 0.748
vt 0.865 0.732
vt 0.793 0.849
vt 0.771 0.906
vt 0.787 0.819
vt 0.81 0.874
vt 0.771 0.906
vt 0.793 0.849
vt 0.835 0.891
vt 0.771 0.906
vt 0.81 0.874
vt 0.771 0.906
vt 0.835 0.891
vt 0.865 0.906
vt 0.865 0.906
vt 0.835 0.891
vt 0.865 0.896
vt 0.954 0.032
vt 0.954 0.032
vt 0.966 0.032
vt 0.954 0.032
vt 0.965 0.032
vt 0.966 0.032
vt 0.964 0.044
vt 0.965 0.036
vt 0.965 0.036
vt 0.771 0.537
vt 0.771 0.568
vt 0.75 0.537
vt 0.771 0.568
vt 0.75 0.568
vt 0.75 0.537
vt 0.962 0.054
vt 0.962 0.054
vt 0.954 0.054
vt 0.962 0.054
vt 0.954 0.054
vt 0.954 0.054
vt 0.499 0.732
vt 0.679 0.732
vt 0.499 0.905
vt 0.679 0.732
vt 0.649 0.905
vt 0.499 0.905
vt 0.709 0.568
vt 0.679 0.732
vt 0.499 0.568
vt 0.679 0.732
vt 0.499 0.732
vt 0.499 0.568
vt 0.967 0.032
vt 0.965 0.032
vt 0.968 0.032
vt 0.965 0.032
vt 0.968 0.032
vt 0.968 0.032
vt 0.771 0.929
vt 0.771 0.906
vt 0.865 0.929
vt 0.771 0.906
vt 0.865 0.906
vt 0.865 0.929
vt 0.958 0.054
vt 0.962 0.054
vt 0.958 0.054
vt 0.958 0.054
vt 0.962 0.054
vt 0.962 0.054
vt 0.957 0.054
vt 0.962 0.054
vt 0.958 0.054
vt 0.956 0.054
vt 0.962 0.054
vt 0.957 0.054
vt 0.962 0.054
vt 0.956 0.054
vt 0.954 0.054
vt 0.954 0.054
vt 0.956 0.054
vt 0.954 0.054
vt 0.967 0.032
vt 0.967 0.032
vt 0.967 0.032
vt 0.967 0.032
vt 0.967 0.032
vt 0.968 0.032
vt 0.968 0.032
vt 0.967 0.032
vt 0.968 0.032
vt 0.968 0.032
vt 0.967 0.032
vt 0.968 0.032
vt 0.662 0.92
vt 0.649 0.905
vt 0.668 0.912
vt 0.75 0.906
vt 0.771 0.906
vt 0.752 0.913
vt 0.771 0.906
vt 0.763 0.926
vt 0.757 0.921
vt 0.662 0.92
vt 0.654 0.925
vt 0.649 0.905
vt 0.962 0.054
vt 0.963 0.054
vt 0.963 0.054
vt 0.962 0.054
vt 0.963 0.054
vt 0.962 0.054
vt 0.649 0.905
vt 0.654 0.925
vt 0.644 0.928
vt 0.967 0.032
vt 0.967 0.032
vt 0.967 0.033
vt 0.967 0.032
vt 0.967 0.033
vt 0.967 0.033
vt 0.967 0.032
vt 0.968 0.032
vt 0.967 0.033
vt 0.968 0.032
vt 0.968 0.033
vt 0.967 0.033
vt 0.968 0.032
vt 0.968 0.032
vt 0.968 0.033
vt 0.968 0.032
vt 0.968 0.033
vt 0.968 0.033
vt 0.968 0.032
vt 0.968 0.032
vt 0.968 0.033
vt 0.968 0.032
vt 0.968 0.033
vt 0.968 0.033
vt 0.771 0.929
vt 0.763 0.926
vt 0.771 0.906
vt 0.967 0.033
vt 0.967 0.033
vt 0.966 0.043
vt 0.967 0.033
vt 0.966 0.043
vt 0.966 0.043
vt 0.967 0.033
vt 0.968 0.033
vt 0.966 0.043
vt 0.968 0.033
vt 0.966 0.043
vt 0.966 0.043
vt 0.968 0.033
vt 0.968 0.033
vt 0.966 0.043
vt 0.968 0.033
vt 0.966 0.043
vt 0.966 0.043
vt 0.968 0.033
vt 0.968 0.033
vt 0.966 0.043
vt 0.968 0.033
vt 0.966 0.043
vt 0.966 0.043
vt 0.964 0.053
vt 0.964 0.053
vt 0.966 0.043
vt 0.964 0.053
vt 0.966 0.043
vt 0.966 0.043
vt 0.964 0.053
vt 0.964 0.053
vt 0.966 0.043
vt 0.964 0.053
vt 0.966 0.043
vt 0.966 0.043
vt 0.964 0.053
vt 0.964 0.053
vt 0.966 0.043
vt 0.964 0.053
vt 0.966 0.043
vt 0.966 0.043
vt 0.964 0.053
vt 0.964 0.053
vt 0.966 0.043
vt 0.964 0.053
vt 0.966 0.043
vt 0.966 0.043
vt 0.963 0.054
vt 0.962 0.054
vt 0.963 0.054
vt 0.771 0.906
vt 0.757 0.921
vt 0.752 0.913
vt 0.963 0.054
vt 0.964 0.054
vt 0.963 0.054
vt 0.964 0.054
vt 0.964 0.054
vt 0.963 0.054
vt 0.964 0.054
vt 0.964 0.054
vt 0.964 0.054
vt 0.964 0.054
vt 0.964 0.054
vt 0.964 0.054
vt 0.964 0.054
vt 0.964 0.054
vt 0.964 0.054
vt 0.964 0.054
vt 0.964 0.054
vt 0.964 0.054
vt 0.964 0.054
vt 0.964 0.054
vt 0.964 0.054
vt 0.964 0.054
vt 0.964 0.054
vt 0.964 0.054
vt 0.962 0.054
vt 0.963 0.054
vt 0.963 0.054
vt 0.668 0.912
vt 0.649 0.905
vt 0.67 0.905
vt 0.962 0.054
vt 0.962 0.054
vt 0.954 0.054
vt 0.962 0.054
vt 0.954 0.054
vt 0.954 0.054
vt 0.962 0.054
vt 0.962 0.054
vt 0.954 0.054
vt 0.962 0.054
vt 0.954 0.054
vt 0.954 0.054
vt 0.962 0.054
vt 0.962 0.054
vt 0.954 0.054
vt 0.962 0.054
vt 0.954 0.054
vt 0.954 0.054
vt 0.962 0.054
vt 0.962 0.054
vt 0.954 0.054
vt 0.962 0.054
vt 0.954 0.054
vt 0.954 0.054
vt 0.499 0.905
vt 0.649 0.905
vt 0.499 0.928
vt 0.649 0.905
vt 0.644 0.928
vt 0.499 0.928
vt 0.962 0.032
vt 0.96 0.032
vt 0.962 0.032
vt 0.96 0.032
vt 0.96 0.032
vt 0.962 0.032
vt 0.962 0.032
vt 0.96 0.032
vt 0.962 0.052
vt 0.96 0.032
vt 0.96 0.052
vt 0.962 0.052
vt 0.96 0.032
vt 0.96 0.032
vt 0.96 0.052
vt 0.96 0.032
vt 0.96 0.052
vt 0.96 0.052
vt 0.962 0.032
vt 0.962 0.032
vt 0.962 0.052
vt 0.962 0.032
vt 0.962 0.052
vt 0.962 0.052
vt 0.959 0.032
vt 0.959 0.032
vt 0.958 0.032
vt 0.959 0.032
vt 0.958 0.032
vt 0.958 0.032
vt 0.959 0.032
vt 0.959 0.032
vt 0.957 0.032
vt 0.959 0.032
vt 0.958 0.032
vt 0.957 0.032
vt 0.958 0.032
vt 0.959 0.032
vt 0.957 0.032
vt 0.959 0.032
vt 0.957 0.032
vt 0.957 0.032
vt 0.956 0.032
vt 0.957 0.032
vt 0.957 0.032
vt 0.957 0.032
vt 0.958 0.032
vt 0.957 0.032
vt 0.957 0.032
vt 0.956 0.032
vt 0.956 0.032
vt 0.956 0.032
vt 0.957 0.032
vt 0.956 0.032
vt 0.957 0.032
vt 0.957 0.032
vt 0.956 0.032
vt 0.956 0.032
vt 0.957 0.032
vt 0.956 0.032
vt 0.957 0.032
vt 0.957 0.032
vt 0.956 0.032
vt 0.957 0.032
vt 0.957 0.032
vt 0.956 0.032
vt 0.957 0.032
vt 0.956 0.032
vt 0.956 0.032
vt 0.956 0.033
vt 0.957 0.033
vt 0.956 0.032
vt 0.957 0.033
vt 0.957 0.032
vt 0.956 0.032
vt 0.956 0.032
vt 0.957 0.032
vt 0.956 0.032
vt 0.957 0.032
vt 0.957 0.032
vt 0.956 0.032
vt 0.957 0.032
vt 0.957 0.052
vt 0.957 0.032
vt 0.957 0.052
vt 0.957 0.052
vt 0.957 0.032
vt 0.957 0.032
vt 0.957 0.052
vt 0.957 0.032
vt 0.957 0.052
vt 0.957 0.052
vt 0.957 0.032
vt 0.958 0.032
vt 0.958 0.052
vt 0.958 0.032
vt 0.958 0.052
vt 0.958 0.052
vt 0.958 0.032
vt 0.956 0.032
vt 0.956 0.052
vt 0.956 0.032
vt 0.956 0.052
vt 0.956 0.052
vt 0.956 0.032
vt 0.956 0.034
vt 0.957 0.034
vt 0.956 0.033
vt 0.957 0.034
vt 0.957 0.033
vt 0.956 0.033
vt 0.958 0.032
vt 0.958 0.052
vt 0.959 0.032
vt 0.958 0.052
vt 0.959 0.052
vt 0.959 0.032
vt 0.956 0.032
vt 0.956 0.052
vt 0.956 0.032
vt 0.956 0.052
vt 0.956 0.052
vt 0.956 0.032
vt 0.959 0.032
vt 0.959 0.052
vt 0.959 0.032
vt 0.959 0.052
vt 0.959 0.052
vt 0.959 0.032
vt 0.957 0.032
vt 0.957 0.052
vt 0.957 0.032
vt 0.957 0.052
vt 0.957 0.052
vt 0.957 0.032
vt 0.956 0.032
vt 0.956 0.052
vt 0.956 0.034
vt 0.956 0.052
vt 0.956 0.04
vt 0.956 0.034
vt 0.957 0.032
vt 0.957 0.052
vt 0.958 0.032
vt 0.957 0.052
vt 0.958 0.052
vt 0.958 0.032
vt 0.957 0.032
vt 0.957 0.052
vt 0.956 0.032
vt 0.957 0.052
vt 0.956 0.052
vt 0.956 0.032
vt 0.958 0.032
vt 0.958 0.052
vt 0.957 0.032
vt 0.958 0.052
vt 0.957 0.052
vt 0.957 0.032
vt 0.956 0.032
vt 0.956 0.052
vt 0.956 0.032
vt 0.956 0.052
vt 0.956 0.052
vt 0.956 0.032
vt 0.956 0.032
vt 0.956 0.052
vt 0.956 0.032
vt 0.956 0.052
vt 0.956 0.052
vt 0.956 0.032
vt 0.957 0.032
vt 0.957 0.052
vt 0.957 0.032
vt 0.957 0.052
vt 0.957 0.052
vt 0.957 0.032
vt 0.959 0.032
vt 0.959 0.052
vt 0.959 0.032
vt 0.959 0.052
vt 0.959 0.052
vt 0.959 0.032
vt 0.956 0.04
vt 0.956 0.041
vt 0.957 0.04
vt 0.956 0.041
vt 0.957 0.041
vt 0.957 0.04
vt 0.956 0.041
vt 0.956 0.041
vt 0.957 0.041
vt 0.956 0.041
vt 0.957 0.041
vt 0.957 0.041
vt 0.956 0.041
vt 0.956 0.041
vt 0.957 0.041
vt 0.956 0.041
vt 0.957 0.041
vt 0.957 0.041
vt 0.956 0.041
vt 0.956 0.041
vt 0.957 0.041
vt 0.956 0.041
vt 0.957 0.041
vt 0.957 0.041
vt 0.957 0.052
vt 0.957 0.041
vt 0.957 0.041
vt 0.957 0.052
vt 0.957 0.041
vt 0.957 0.041
vt 0.957 0.052
vt 0.957 0.041
vt 0.957 0.041
vt 0.957 0.052
vt 0.957 0.04
vt 0.957 0.041
vt 0.956 0.052
vt 0.956 0.041
vt 0.956 0.04
vt 0.956 0.052
vt 0.956 0.041
vt 0.956 0.041
vt 0.956 0.052
vt 0.956 0.041
vt 0.956 0.041
vt 0.956 0.052
vt 0.956 0.041
vt 0.956 0.041
vt 0.956 0.041
vt 0.956 0.052
vt 0.956 0.052
vt 0.957 0.052
vt 0.957 0.041
vt 0.957 0.052
vt 0.957 0.032
vt 0.956 0.032
vt 0.957 0.032
vt 0.956 0.032
vt 0.956 0.032
vt 0.957 0.032
vt 0.956 0.032
vt 0.956 0.032
vt 0.956 0.033
vt 0.956 0.034
vt 0.956 0.033
vt 0.956 0.032
vt 0.956 0.033
vt 0.956 0.032
vt 0.956 0.032
vt 0.956 0.04
vt 0.957 0.04
vt 0.956 0.034
vt 0.957 0.04
vt 0.957 0.034
vt 0.956 0.034
vt 0.957 0.04
vt 0.957 0.052
vt 0.957 0.034
vt 0.957 0.052
vt 0.957 0.032
vt 0.957 0.034
vt 0.957 0.033
vt 0.957 0.034
vt 0.957 0.032
vt 0.957 0.034
vt 0.957 0.032
vt 0.957 0.032
vt 0.957 0.032
vt 0.957 0.033
vt 0.957 0.032
vt 0.964 0.053
vt 0.964 0.053
vt 0.964 0.053
vt 0.964 0.053
vt 0.964 0.053
vt 0.964 0.053
vt 0.964 0.053
vt 0.964 0.053
vt 0.964 0.053
vt 0.964 0.053
vt 0.964 0.053
vt 0.964 0.053
vt 0.964 0.053
vt 0.964 0.053
vt 0.964 0.053
vt 0.964 0.053
vt 0.964 0.053
vt 0.964 0.053
vt 0.964 0.053
vt 0.964 0.053
vt 0.964 0.053
vt 0.964 0.053
vt 0.964 0.053
vt 0.964 0.053
vt 0.963 0.053
vt 0.964 0.053
vt 0.964 0.053
vt 0.964 0.053
vt 0.964 0.053
vt 0.964 0.053
vt 0.964 0.053
vt 0.964 0.053
vt 0.964 0.053
vt 0.964 0.053
vt 0.964 0.053
vt 0.964 0.053
vt 0.964 0.053
vt 0.964 0.053
vt 0.964 0.053
vt 0.964 0.053
vt 0.964 0.053
vt 0.964 0.053
vt 0.964 0.053
vt 0.964 0.053
vt 0.964 0.053
vt 0.964 0.053
vt 0.964 0.053
vt 0.964 0.053
vt 0.963 0.054
vt 0.963 0.053
vt 0.963 0.054
vt 0.964 0.054
vt 0.964 0.053
vt 0.964 0.054
vt 0.964 0.053
vt 0.964 0.053
vt 0.964 0.054
vt 0.964 0.054
vt 0.964 0.053
vt 0.964 0.054
vt 0.964 0.053
vt 0.964 0.053
vt 0.964 0.054
vt 0.964 0.054
vt 0.964 0.054
vt 0.964 0.054
vt 0.964 0.054
vt 0.964 0.054
vt 0.964 0.054
vt 0.964 0.054
vt 0.964 0.054
vt 0.964 0.054
vt 0.964 0.054
vt 0.964 0.054
vt 0.964 0.054
vt 0.964 0.054
vt 0.964 0.054
vt 0.964 0.054
vt 0.964 0.054
vt 0.964 0.054
vt 0.964 0.054
vt 0.963 0.054
vt 0.964 0.054
vt 0.964 0.054
vt 0.964 0.054
vt 0.964 0.054
vt 0.964 0.054
vt 0.963 0.054
vt 0.963 0.054
vt 0.963 0.054
vt 0.963 0.054
vt 0.964 0.054
vt 0.963 0.054
vt 0.964 0.054
vt 0.964 0.054
vt 0.964 0.054
vt 0.964 0.054
vt 0.964 0.054
vt 0.964 0.054
vt 0.964 0.054
vt 0.964 0.054
vt 0.964 0.054
vt 0.964 0.054
vt 0.964 0.054
vt 0.964 0.054
vt 0.964 0.054
vt 0.963 0.054
vt 0.964 0.054
vt 0.963 0.054
vt 0.964 0.054
vt 0.964 0.054
vt 0.963 0.054
vt 0.963 0.054
vt 0.964 0.054
vt 0.963 0.054
vt 0.963 0.054
vt 0.964 0.054
vt 0.964 0.054
vt 0.964 0.054
vt 0.964 0.054
vt 0.964 0.054
vt 0.964 0.054
vt 0.964 0.054
vt 0.963 0.054
vt 0.963 0.054
vt 0.963 0.054
vt 0.963 0.054
vt 0.963 0.054
vt 0.963 0.054
vt 0.964 0.054
vt 0.964 0.054
vt 0.964 0.054
vt 0.964 0.054
vt 0.964 0.054
vt 0.964 0.054
vt 0.964 0.054
vt 0.964 0.054
vt 0.964 0.054
vt 0.964 0.054
vt 0.964 0.054
vt 0.964 0.054
vt 0.964 0.054
vt 0.964 0.054
vt 0.964 0.054
vt 0.964 0.054
vt 0.963 0.054
vt 0.964 0.054
vt 0.963 0.054
vt 0.963 0.054
vt 0.964 0.054
vt 0.963 0.054
vt 0.964 0.054
vt 0.964 0.054
vt 0.964 0.054
vt 0.964 0.054
vt 0.964 0.054
vt 0.964 0.054
vt 0.964 0.054
vt 0.964 0.054
vt 0.964 0.054
vt 0.964 0.054
vt 0.964 0.054
vt 0.964 0.054
vt 0.964 0.054
vt 0.964 0.054
vt 0.964 0.054
vt 0.964 0.054
vt 0.964 0.054
vt 0.964 0.054
vt 0.964 0.054
vt 0.964 0.054
vt 0.964 0.054
vt 0.964 0.054
vt 0.964 0.054
vt 0.964 0.054
vt 0.964 0.054
vt 0.964 0.054
vt 0.964 0.054
vt 0.964 0.054
vt 0.964 0.054
vt 0.964 0.054
vt 0.964 0.054
vt 0.964 0.054
vt 0.964 0.054
vt 0.964 0.054
vt 0.964 0.054
vt 0.964 0.054
vt 0.964 0.054
vt 0.964 0.054
vt 0.964 0.054
vt 0.964 0.054
vt 0.964 0.054
vt 0.964 0.054
vt 0.964 0.054
vt 0.964 0.054
vt 0.964 0.054
vt 0.964 0.054
vt 0.964 0.054
vt 0.964 0.054
vt 0.964 0.054
vt 0.964 0.054
vt 0.964 0.054
vt 0.964 0.053
vt 0.964 0.054
vt 0.964 0.053
vt 0.964 0.053
vt 0.964 0.054
vt 0.964 0.053
vt 0.964 0.054
vt 0.964 0.054
vt 0.963 0.054
vt 0.964 0.054
vt 0.963 0.054
vt 0.964 0.054
vt 0.964 0.054
vt 0.963 0.054
vt 0.963 0.054
vt 0.964 0.054
vt 0.963 0.054
vt 0.964 0.054
vt 0.963 0.054
vt 0.963 0.054
vt 0.963 0.054
vt 0.963 0.054
vt 0.963 0.054
vt 0.963 0.054
vt 0.963 0.054
vt 0.963 0.054
vt 0.962 0.054
vt 0.963 0.054
vt 0.962 0.054
vt 0.963 0.054
vt 0.963 0.054
vt 0.962 0.054
vt 0.962 0.054
vt 0.963 0.054
vt 0.962 0.054
vt 0.963 0.054
vt 0.963 0.054
vt 0.962 0.054
vt 0.962 0.054
vt 0.963 0.054
vt 0.962 0.054
vt 0.963 0.054
vt 0.963 0.054
vt 0.962 0.054
vt 0.962 0.054
vt 0.963 0.054
vt 0.962 0.054
vt 0.963 0.054
vt 0.963 0.054
vt 0.962 0.054
vt 0.963 0.054
vt 0.963 0.054
vt 0.962 0.054
vt 0.964 0.054
vt 0.964 0.054
vt 0.963 0.054
vt 0.963 0.054
vt 0.963 0.054
vt 0.963 0.054
vt 0.963 0.054
vt 0.963 0.054
vt 0.963 0.054
vt 0.963 0.054
vt 0.963 0.054
vt 0.963 0.054
vt 0.963 0.054
vt 0.963 0.054
vt 0.963 0.054
vt 0.963 0.054
vt 0.963 0.054
vt 0.963 0.054
vt 0.963 0.054
vt 0.963 0.054
vt 0.963 0.054
vt 0.964 0.054
vt 0.963 0.054
vt 0.964 0.053
vt 0.963 0.054
vt 0.963 0.053
vt 0.964 0.053
vt 0.963 0.054
vt 0.963 0.054
vt 0.963 0.054
vt 0.963 0.054
vt 0.963 0.054
vt 0.963 0.054
vt 0.964 0.054
vt 0.964 0.054
vt 0.963 0.054
vt 0.964 0.054
vt 0.963 0.054
vt 0.963 0.054
vt 0.963 0.054
vt 0.963 0.054
vt 0.963 0.054
vt 0.963 0.054
vt 0.963 0.054
vt 0.963 0.054
vt 0.95 0.065
vt 0.954 0.065
vt 0.951 0.065
vt 0.954 0.065
vt 0.954 0.065
vt 0.952 0.065
vt 0.954 0.065
vt 0.952 0.065
vt 0.951 0.065
vt 0.954 0.065
vt 0.95 0.065
vt 0.95 0.065
vt 0.793 0.469
vt 0.793 0.38
vt 0.807 0.469
vt 0.793 0.38
vt 0.807 0.38
vt 0.807 0.469
vt 0.779 0.469
vt 0.779 0.38
vt 0.793 0.469
vt 0.779 0.38
vt 0.793 0.38
vt 0.793 0.469
vt 0.764 0.469
vt 0.764 0.38
vt 0.779 0.469
vt 0.764 0.38
vt 0.779 0.38
vt 0.779 0.469
vt 0.75 0.38
vt 0.764 0.38
vt 0.75 0.469
vt 0.764 0.38
vt 0.764 0.469
vt 0.75 0.469
vt 0.018 0.906
vt 0.018 0.732
vt 0.039 0.906
vt 0.018 0.732
vt 0.039 0.732
vt 0.039 0.906
vt 0.018 0.732
vt 0.018 0.568
vt 0.039 0.732
vt 0.018 0.568
vt 0.039 0.568
vt 0.039 0.732
vt 0.709 0.104
vt 0.499 0.104
vt 0.709 0.073
vt 0.499 0.104
vt 0.499 0.073
vt 0.709 0.073
vt 0.679 0.268
vt 0.701 0.268
vt 0.649 0.441
vt 0.701 0.268
vt 0.67 0.441
vt 0.649 0.441
vt 0.944 0.044
vt 0.944 0.044
vt 0.942 0.044
vt 0.944 0.044
vt 0.942 0.044
vt 0.942 0.044
vt 0.944 0.044
vt 0.944 0.045
vt 0.942 0.044
vt 0.944 0.045
vt 0.943 0.045
vt 0.942 0.044
vt 0.944 0.046
vt 0.943 0.046
vt 0.944 0.045
vt 0.943 0.046
vt 0.943 0.045
vt 0.944 0.045
vt 0.945 0.047
vt 0.943 0.048
vt 0.944 0.046
vt 0.943 0.048
vt 0.943 0.046
vt 0.944 0.046
vt 0.945 0.049
vt 0.943 0.049
vt 0.945 0.047
vt 0.943 0.049
vt 0.943 0.048
vt 0.945 0.047
vt 0.945 0.049
vt 0.945 0.05
vt 0.943 0.049
vt 0.945 0.05
vt 0.943 0.05
vt 0.943 0.049
vt 0.945 0.05
vt 0.944 0.051
vt 0.945 0.05
vt 0.944 0.051
vt 0.943 0.05
vt 0.945 0.05
vt 0.945 0.051
vt 0.944 0.051
vt 0.945 0.05
vt 0.944 0.051
vt 0.944 0.051
vt 0.945 0.05
vt 0.94 0.032
vt 0.943 0.032
vt 0.94 0.032
vt 0.943 0.032
vt 0.943 0.032
vt 0.94 0.032
vt 0.942 0.043
vt 0.942 0.044
vt 0.942 0.043
vt 0.942 0.044
vt 0.942 0.043
vt 0.942 0.043
vt 0.941 0.032
vt 0.942 0.032
vt 0.941 0.032
vt 0.942 0.032
vt 0.943 0.032
vt 0.941 0.032
vt 0.039 0.732
vt 0.039 0.568
vt 0.133 0.732
vt 0.039 0.568
vt 0.133 0.568
vt 0.133 0.732
vt 0.709 0.104
vt 0.709 0.073
vt 0.731 0.104
vt 0.709 0.073
vt 0.731 0.073
vt 0.731 0.104
vt 0.942 0.044
vt 0.942 0.044
vt 0.942 0.043
vt 0.942 0.044
vt 0.942 0.044
vt 0.942 0.043
vt 0.679 0.268
vt 0.709 0.104
vt 0.701 0.268
vt 0.709 0.104
vt 0.731 0.104
vt 0.701 0.268
vt 0.943 0.046
vt 0.943 0.046
vt 0.942 0.044
vt 0.943 0.046
vt 0.942 0.044
vt 0.942 0.044
vt 0.946 0.054
vt 0.946 0.054
vt 0.945 0.054
vt 0.946 0.054
vt 0.945 0.054
vt 0.945 0.054
vt 0.943 0.048
vt 0.943 0.048
vt 0.943 0.046
vt 0.943 0.048
vt 0.943 0.046
vt 0.943 0.046
vt 0.943 0.049
vt 0.943 0.049
vt 0.943 0.048
vt 0.943 0.049
vt 0.943 0.048
vt 0.943 0.048
vt 0.944 0.051
vt 0.943 0.051
vt 0.943 0.049
vt 0.943 0.051
vt 0.943 0.049
vt 0.943 0.049
vt 0.944 0.052
vt 0.944 0.052
vt 0.944 0.051
vt 0.944 0.052
vt 0.943 0.051
vt 0.944 0.051
vt 0.039 0.568
vt 0.039 0.537
vt 0.133 0.568
vt 0.039 0.537
vt 0.133 0.537
vt 0.133 0.568
vt 0.945 0.051
vt 0.945 0.052
vt 0.945 0.052
vt 0.944 0.052
vt 0.944 0.052
vt 0.944 0.052
vt 0.944 0.052
vt 0.944 0.052
vt 0.944 0.052
vt 0.944 0.044
vt 0.943 0.036
vt 0.944 0.044
vt 0.943 0.036
vt 0.943 0.032
vt 0.954 0.036
vt 0.943 0.032
vt 0.954 0.032
vt 0.954 0.036
vt 0.944 0.045
vt 0.944 0.044
vt 0.943 0.036
vt 0.944 0.046
vt 0.944 0.045
vt 0.943 0.036
vt 0.954 0.052
vt 0.945 0.052
vt 0.954 0.052
vt 0.945 0.052
vt 0.945 0.052
vt 0.954 0.052
vt 0.944 0.046
vt 0.943 0.036
vt 0.945 0.047
vt 0.943 0.032
vt 0.943 0.036
vt 0.943 0.032
vt 0.943 0.036
vt 0.943 0.036
vt 0.943 0.032
vt 0.945 0.052
vt 0.945 0.05
vt 0.945 0.05
vt 0.945 0.052
vt 0.945 0.05
vt 0.945 0.049
vt 0.945 0.052
vt 0.945 0.051
vt 0.945 0.05
vt 0.945 0.052
vt 0.945 0.049
vt 0.945 0.047
vt 0.943 0.036
vt 0.954 0.036
vt 0.945 0.052
vt 0.954 0.036
vt 0.954 0.052
vt 0.945 0.052
vt 0.945 0.047
vt 0.943 0.036
vt 0.945 0.052
vt 0.944 0.051
vt 0.944 0.052
vt 0.944 0.051
vt 0.944 0.052
vt 0.944 0.052
vt 0.944 0.051
vt 0.944 0.051
vt 0.944 0.052
vt 0.943 0.05
vt 0.944 0.052
vt 0.944 0.051
vt 0.943 0.05
vt 0.943 0.05
vt 0.944 0.051
vt 0.943 0.049
vt 0.944 0.051
vt 0.943 0.049
vt 0.943 0.049
vt 0.943 0.049
vt 0.943 0.049
vt 0.943 0.048
vt 0.943 0.049
vt 0.943 0.048
vt 0.943 0.048
vt 0.943 0.048
vt 0.943 0.048
vt 0.943 0.046
vt 0.943 0.048
vt 0.943 0.046
vt 0.943 0.046
vt 0.943 0.046
vt 0.943 0.046
vt 0.943 0.045
vt 0.943 0.046
vt 0.942 0.044
vt 0.943 0.045
vt 0.943 0.045
vt 0.942 0.044
vt 0.942 0.044
vt 0.942 0.044
vt 0.942 0.043
vt 0.942 0.044
vt 0.942 0.044
vt 0.942 0.043
vt 0.942 0.044
vt 0.942 0.043
vt 0.942 0.043
vt 0.942 0.044
vt 0.133 0.732
vt 0.103 0.748
vt 0.039 0.732
vt 0.103 0.748
vt 0.078 0.764
vt 0.039 0.732
vt 0.078 0.764
vt 0.061 0.789
vt 0.039 0.732
vt 0.061 0.789
vt 0.055 0.819
vt 0.039 0.732
vt 0.055 0.819
vt 0.039 0.906
vt 0.039 0.732
vt 0.133 0.742
vt 0.103 0.748
vt 0.133 0.732
vt 0.061 0.849
vt 0.039 0.906
vt 0.055 0.819
vt 0.078 0.874
vt 0.039 0.906
vt 0.061 0.849
vt 0.103 0.891
vt 0.039 0.906
vt 0.078 0.874
vt 0.039 0.906
vt 0.103 0.891
vt 0.133 0.906
vt 0.133 0.906
vt 0.103 0.891
vt 0.133 0.896
vt 0.954 0.032
vt 0.954 0.032
vt 0.942 0.032
vt 0.954 0.032
vt 0.943 0.032
vt 0.942 0.032
vt 0.944 0.044
vt 0.943 0.036
vt 0.943 0.036
vt 0.039 0.537
vt 0.039 0.568
vt 0.018 0.537
vt 0.039 0.568
vt 0.018 0.568
vt 0.018 0.537
vt 0.946 0.054
vt 0.946 0.054
vt 0.954 0.054
vt 0.946 0.054
vt 0.954 0.054
vt 0.954 0.054
vt 0.499 0.268
vt 0.679 0.268
vt 0.499 0.441
vt 0.679 0.268
vt 0.649 0.441
vt 0.499 0.441
vt 0.709 0.104
vt 0.679 0.268
vt 0.499 0.104
vt 0.679 0.268
vt 0.499 0.268
vt 0.499 0.104
vt 0.941 0.032
vt 0.943 0.032
vt 0.94 0.032
vt 0.943 0.032
vt 0.94 0.032
vt 0.94 0.032
vt 0.039 0.929
vt 0.039 0.906
vt 0.133 0.929
vt 0.039 0.906
vt 0.133 0.906
vt 0.133 0.929
vt 0.95 0.054
vt 0.946 0.054
vt 0.95 0.054
vt 0.95 0.054
vt 0.946 0.054
vt 0.946 0.054
vt 0.951 0.054
vt 0.946 0.054
vt 0.95 0.054
vt 0.952 0.054
vt 0.946 0.054
vt 0.951 0.054
vt 0.946 0.054
vt 0.952 0.054
vt 0.954 0.054
vt 0.954 0.054
vt 0.952 0.054
vt 0.954 0.054
vt 0.941 0.032
vt 0.941 0.032
vt 0.941 0.032
vt 0.941 0.032
vt 0.941 0.032
vt 0.94 0.032
vt 0.94 0.032
vt 0.941 0.032
vt 0.94 0.032
vt 0.94 0.032
vt 0.941 0.032
vt 0.94 0.032
vt 0.662 0.456
vt 0.649 0.441
vt 0.668 0.448
vt 0.018 0.906
vt 0.039 0.906
vt 0.02 0.913
vt 0.039 0.906
vt 0.031 0.926
vt 0.025 0.921
vt 0.662 0.456
vt 0.654 0.461
vt 0.649 0.441
vt 0.946 0.054
vt 0.945 0.054
vt 0.945 0.054
vt 0.946 0.054
vt 0.945 0.054
vt 0.946 0.054
vt 0.649 0.441
vt 0.654 0.461
vt 0.644 0.464
vt 0.941 0.032
vt 0.941 0.032
vt 0.941 0.033
vt 0.941 0.032
vt 0.941 0.033
vt 0.941 0.033
vt 0.941 0.032
vt 0.94 0.032
vt 0.941 0.033
vt 0.94 0.032
vt 0.94 0.033
vt 0.941 0.033
vt 0.94 0.032
vt 0.94 0.032
vt 0.94 0.033
vt 0.94 0.032
vt 0.94 0.033
vt 0.94 0.033
vt 0.94 0.032
vt 0.94 0.032
vt 0.94 0.033
vt 0.94 0.032
vt 0.94 0.033
vt 0.94 0.033
vt 0.039 0.929
vt 0.031 0.926
vt 0.039 0.906
vt 0.941 0.033
vt 0.941 0.033
vt 0.942 0.043
vt 0.941 0.033
vt 0.942 0.043
vt 0.942 0.043
vt 0.941 0.033
vt 0.94 0.033
vt 0.942 0.043
vt 0.94 0.033
vt 0.942 0.043
vt 0.942 0.043
vt 0.94 0.033
vt 0.94 0.033
vt 0.942 0.043
vt 0.94 0.033
vt 0.942 0.043
vt 0.942 0.043
vt 0.94 0.033
vt 0.94 0.033
vt 0.942 0.043
vt 0.94 0.033
vt 0.942 0.043
vt 0.942 0.043
vt 0.944 0.053
vt 0.944 0.053
vt 0.942 0.043
vt 0.944 0.053
vt 0.942 0.043
vt 0.942 0.043
vt 0.944 0.053
vt 0.944 0.053
vt 0.942 0.043
vt 0.944 0.053
vt 0.942 0.043
vt 0.942 0.043
vt 0.944 0.053
vt 0.944 0.053
vt 0.942 0.043
vt 0.944 0.053
vt 0.942 0.043
vt 0.942 0.043
vt 0.944 0.053
vt 0.944 0.053
vt 0.942 0.043
vt 0.944 0.053
vt 0.942 0.043
vt 0.942 0.043
vt 0.945 0.054
vt 0.946 0.054
vt 0.945 0.054
vt 0.039 0.906
vt 0.025 0.921
vt 0.02 0.913
vt 0.945 0.054
vt 0.944 0.054
vt 0.945 0.054
vt 0.944 0.054
vt 0.944 0.054
vt 0.945 0.054
vt 0.944 0.054
vt 0.944 0.054
vt 0.944 0.054
vt 0.944 0.054
vt 0.944 0.054
vt 0.944 0.054
vt 0.944 0.054
vt 0.944 0.054
vt 0.944 0.054
vt 0.944 0.054
vt 0.944 0.054
vt 0.944 0.054
vt 0.944 0.054
vt 0.944 0.054
vt 0.944 0.054
vt 0.944 0.054
vt 0.944 0.054
vt 0.944 0.054
vt 0.946 0.054
vt 0.945 0.054
vt 0.945 0.054
vt 0.668 0.448
vt 0.649 0.441
vt 0.67 0.441
vt 0.946 0.054
vt 0.946 0.054
vt 0.954 0.054
vt 0.946 0.054
vt 0.954 0.054
vt 0.954 0.054
vt 0.946 0.054
vt 0.946 0.054
vt 0.954 0.054
vt 0.946 0.054
vt 0.954 0.054
vt 0.954 0.054
vt 0.946 0.054
vt 0.946 0.054
vt 0.954 0.054
vt 0.946 0.054
vt 0.954 0.054
vt 0.954 0.054
vt 0.946 0.054
vt 0.946 0.054
vt 0.954 0.054
vt 0.946 0.054
vt 0.954 0.054
vt 0.954 0.054
vt 0.499 0.441
vt 0.649 0.441
vt 0.499 0.464
vt 0.649 0.441
vt 0.644 0.464
vt 0.499 0.464
vt 0.946 0.032
vt 0.948 0.032
vt 0.946 0.032
vt 0.948 0.032
vt 0.948 0.032
vt 0.946 0.032
vt 0.946 0.032
vt 0.948 0.032
vt 0.946 0.052
vt 0.948 0.032
vt 0.948 0.052
vt 0.946 0.052
vt 0.948 0.032
vt 0.948 0.032
vt 0.948 0.052
vt 0.948 0.032
vt 0.948 0.052
vt 0.948 0.052
vt 0.946 0.032
vt 0.946 0.032
vt 0.946 0.052
vt 0.946 0.032
vt 0.946 0.052
vt 0.946 0.052
vt 0.949 0.032
vt 0.949 0.032
vt 0.95 0.032
vt 0.949 0.032
vt 0.95 0.032
vt 0.95 0.032
vt 0.949 0.032
vt 0.949 0.032
vt 0.951 0.032
vt 0.949 0.032
vt 0.95 0.032
vt 0.951 0.032
vt 0.95 0.032
vt 0.949 0.032
vt 0.951 0.032
vt 0.949 0.032
vt 0.951 0.032
vt 0.951 0.032
vt 0.952 0.032
vt 0.951 0.032
vt 0.951 0.032
vt 0.951 0.032
vt 0.95 0.032
vt 0.951 0.032
vt 0.951 0.032
vt 0.952 0.032
vt 0.952 0.032
vt 0.952 0.032
vt 0.951 0.032
vt 0.952 0.032
vt 0.951 0.032
vt 0.951 0.032
vt 0.952 0.032
vt 0.952 0.032
vt 0.951 0.032
vt 0.952 0.032
vt 0.951 0.032
vt 0.951 0.032
vt 0.952 0.032
vt 0.951 0.032
vt 0.951 0.032
vt 0.952 0.032
vt 0.951 0.032
vt 0.952 0.032
vt 0.952 0.032
vt 0.952 0.033
vt 0.951 0.033
vt 0.952 0.032
vt 0.951 0.033
vt 0.951 0.032
vt 0.952 0.032
vt 0.952 0.032
vt 0.951 0.032
vt 0.952 0.032
vt 0.951 0.032
vt 0.951 0.032
vt 0.952 0.032
vt 0.951 0.032
vt 0.951 0.052
vt 0.951 0.032
vt 0.951 0.052
vt 0.951 0.052
vt 0.951 0.032
vt 0.951 0.032
vt 0.951 0.052
vt 0.951 0.032
vt 0.951 0.052
vt 0.951 0.052
vt 0.951 0.032
vt 0.95 0.032
vt 0.95 0.052
vt 0.95 0.032
vt 0.95 0.052
vt 0.95 0.052
vt 0.95 0.032
vt 0.952 0.032
vt 0.952 0.052
vt 0.952 0.032
vt 0.952 0.052
vt 0.952 0.052
vt 0.952 0.032
vt 0.952 0.034
vt 0.951 0.034
vt 0.952 0.033
vt 0.951 0.034
vt 0.951 0.033
vt 0.952 0.033
vt 0.95 0.032
vt 0.95 0.052
vt 0.949 0.032
vt 0.95 0.052
vt 0.949 0.052
vt 0.949 0.032
vt 0.952 0.032
vt 0.952 0.052
vt 0.952 0.032
vt 0.952 0.052
vt 0.952 0.052
vt 0.952 0.032
vt 0.949 0.032
vt 0.949 0.052
vt 0.949 0.032
vt 0.949 0.052
vt 0.949 0.052
vt 0.949 0.032
vt 0.951 0.032
vt 0.951 0.052
vt 0.951 0.032
vt 0.951 0.052
vt 0.951 0.052
vt 0.951 0.032
vt 0.952 0.032
vt 0.952 0.052
vt 0.952 0.034
vt 0.952 0.052
vt 0.952 0.04
vt 0.952 0.034
vt 0.951 0.032
vt 0.951 0.052
vt 0.95 0.032
vt 0.951 0.052
vt 0.95 0.052
vt 0.95 0.032
vt 0.951 0.032
vt 0.951 0.052
vt 0.952 0.032
vt 0.951 0.052
vt 0.952 0.052
vt 0.952 0.032
vt 0.95 0.032
vt 0.95 0.052
vt 0.951 0.032
vt 0.95 0.052
vt 0.951 0.052
vt 0.951 0.032
vt 0.952 0.032
vt 0.952 0.052
vt 0.952 0.032
vt 0.952 0.052
vt 0.952 0.052
vt 0.952 0.032
vt 0.952 0.032
vt 0.952 0.052
vt 0.952 0.032
vt 0.952 0.052
vt 0.952 0.052
vt 0.952 0.032
vt 0.951 0.032
vt 0.951 0.052
vt 0.951 0.032
vt 0.951 0.052
vt 0.951 0.052
vt 0.951 0.032
vt 0.949 0.032
vt 0.949 0.052
vt 0.949 0.032
vt 0.949 0.052
vt 0.949 0.052
vt 0.949 0.032
vt 0.952 0.04
vt 0.952 0.041
vt 0.951 0.04
vt 0.952 0.041
vt 0.951 0.041
vt 0.951 0.04
vt 0.952 0.041
vt 0.952 0.041
vt 0.951 0.041
vt 0.952 0.041
vt 0.951 0.041
vt 0.951 0.041
vt 0.952 0.041
vt 0.952 0.041
vt 0.951 0.041
vt 0.952 0.041
vt 0.951 0.041
vt 0.951 0.041
vt 0.952 0.041
vt 0.952 0.041
vt 0.951 0.041
vt 0.952 0.041
vt 0.951 0.041
vt 0.951 0.041
vt 0.951 0.052
vt 0.951 0.041
vt 0.951 0.041
vt 0.951 0.052
vt 0.951 0.041
vt 0.951 0.041
vt 0.951 0.052
vt 0.951 0.041
vt 0.951 0.041
vt 0.951 0.052
vt 0.951 0.04
vt 0.951 0.041
vt 0.952 0.052
vt 0.952 0.041
vt 0.952 0.04
vt 0.952 0.052
vt 0.952 0.041
vt 0.952 0.041
vt 0.952 0.052
vt 0.952 0.041
vt 0.952 0.041
vt 0.952 0.052
vt 0.952 0.041
vt 0.952 0.041
vt 0.952 0.041
vt 0.952 0.052
vt 0.952 0.052
vt 0.951 0.052
vt 0.951 0.041
vt 0.951 0.052
vt 0.951 0.032
vt 0.952 0.032
vt 0.951 0.032
vt 0.952 0.032
vt 0.952 0.032
vt 0.951 0.032
vt 0.952 0.032
vt 0.952 0.032
vt 0.952 0.033
vt 0.952 0.034
vt 0.952 0.033
vt 0.952 0.032
vt 0.952 0.033
vt 0.952 0.032
vt 0.952 0.032
vt 0.952 0.04
vt 0.951 0.04
vt 0.952 0.034
vt 0.951 0.04
vt 0.951 0.034
vt 0.952 0.034
vt 0.951 0.04
vt 0.951 0.052
vt 0.951 0.034
vt 0.951 0.052
vt 0.951 0.032
vt 0.951 0.034
vt 0.951 0.033
vt 0.951 0.034
vt 0.951 0.032
vt 0.951 0.034
vt 0.951 0.032
vt 0.951 0.032
vt 0.951 0.032
vt 0.951 0.033
vt 0.951 0.032
vt 0.944 0.053
vt 0.944 0.053
vt 0.944 0.053
vt 0.944 0.053
vt 0.944 0.053
vt 0.944 0.053
vt 0.944 0.053
vt 0.944 0.053
vt 0.944 0.053
vt 0.944 0.053
vt 0.944 0.053
vt 0.944 0.053
vt 0.944 0.053
vt 0.944 0.053
vt 0.944 0.053
vt 0.944 0.053
vt 0.944 0.053
vt 0.944 0.053
vt 0.944 0.053
vt 0.944 0.053
vt 0.944 0.053
vt 0.944 0.053
vt 0.944 0.053
vt 0.944 0.053
vt 0.945 0.053
vt 0.944 0.053
vt 0.944 0.053
vt 0.944 0.053
vt 0.944 0.053
vt 0.944 0.053
vt 0.944 0.053
vt 0.944 0.053
vt 0.944 0.053
vt 0.944 0.053
vt 0.944 0.053
vt 0.944 0.053
vt 0.944 0.053
vt 0.944 0.053
vt 0.944 0.053
vt 0.944 0.053
vt 0.944 0.053
vt 0.944 0.053
vt 0.944 0.053
vt 0.944 0.053
vt 0.944 0.053
vt 0.944 0.053
vt 0.944 0.053
vt 0.944 0.053
vt 0.945 0.054
vt 0.945 0.053
vt 0.945 0.054
vt 0.944 0.054
vt 0.944 0.053
vt 0.944 0.054
vt 0.944 0.053
vt 0.944 0.053
vt 0.944 0.054
vt 0.944 0.054
vt 0.944 0.053
vt 0.944 0.054
vt 0.944 0.053
vt 0.944 0.053
vt 0.944 0.054
vt 0.944 0.054
vt 0.944 0.054
vt 0.944 0.054
vt 0.944 0.054
vt 0.944 0.054
vt 0.944 0.054
vt 0.944 0.054
vt 0.944 0.054
vt 0.944 0.054
vt 0.944 0.054
vt 0.944 0.054
vt 0.944 0.054
vt 0.945 0.054
vt 0.944 0.054
vt 0.944 0.054
vt 0.944 0.054
vt 0.944 0.054
vt 0.944 0.054
vt 0.945 0.054
vt 0.945 0.054
vt 0.945 0.054
vt 0.945 0.054
vt 0.944 0.054
vt 0.945 0.054
vt 0.945 0.054
vt 0.945 0.054
vt 0.945 0.054
vt 0.945 0.054
vt 0.945 0.054
vt 0.945 0.054
vt 0.944 0.054
vt 0.944 0.054
vt 0.944 0.054
vt 0.944 0.054
vt 0.944 0.054
vt 0.944 0.054
vt 0.944 0.054
vt 0.945 0.054
vt 0.944 0.054
vt 0.945 0.054
vt 0.944 0.054
vt 0.944 0.054
vt 0.945 0.054
vt 0.945 0.054
vt 0.944 0.054
vt 0.945 0.054
vt 0.945 0.054
vt 0.944 0.054
vt 0.945 0.054
vt 0.945 0.054
vt 0.945 0.054
vt 0.945 0.054
vt 0.945 0.054
vt 0.945 0.054
vt 0.944 0.054
vt 0.944 0.054
vt 0.944 0.054
vt 0.944 0.054
vt 0.944 0.054
vt 0.944 0.054
vt 0.945 0.054
vt 0.945 0.054
vt 0.945 0.054
vt 0.945 0.054
vt 0.945 0.054
vt 0.945 0.054
vt 0.944 0.054
vt 0.944 0.054
vt 0.944 0.054
vt 0.944 0.054
vt 0.944 0.054
vt 0.944 0.054
vt 0.944 0.054
vt 0.944 0.054
vt 0.944 0.054
vt 0.944 0.054
vt 0.944 0.054
vt 0.944 0.054
vt 0.944 0.054
vt 0.944 0.054
vt 0.944 0.054
vt 0.944 0.054
vt 0.945 0.054
vt 0.944 0.054
vt 0.945 0.054
vt 0.945 0.054
vt 0.944 0.054
vt 0.945 0.054
vt 0.944 0.054
vt 0.944 0.054
vt 0.944 0.054
vt 0.944 0.054
vt 0.944 0.054
vt 0.944 0.054
vt 0.944 0.054
vt 0.944 0.054
vt 0.944 0.054
vt 0.944 0.054
vt 0.944 0.054
vt 0.944 0.054
vt 0.944 0.054
vt 0.944 0.054
vt 0.944 0.054
vt 0.944 0.054
vt 0.944 0.054
vt 0.944 0.054
vt 0.944 0.054
vt 0.944 0.054
vt 0.944 0.054
vt 0.944 0.054
vt 0.944 0.054
vt 0.944 0.054
vt 0.944 0.054
vt 0.944 0.054
vt 0.944 0.054
vt 0.944 0.054
vt 0.944 0.054
vt 0.944 0.054
vt 0.944 0.054
vt 0.944 0.054
vt 0.944 0.054
vt 0.944 0.054
vt 0.944 0.054
vt 0.944 0.054
vt 0.944 0.054
vt 0.944 0.054
vt 0.944 0.054
vt 0.944 0.054
vt 0.944 0.054
vt 0.944 0.054
vt 0.944 0.054
vt 0.944 0.054
vt 0.944 0.054
vt 0.944 0.054
vt 0.945 0.054
vt 0.944 0.054
vt 0.944 0.054
vt 0.945 0.054
vt 0.944 0.054
vt 0.944 0.053
vt 0.944 0.054
vt 0.944 0.053
vt 0.944 0.053
vt 0.944 0.054
vt 0.944 0.053
vt 0.944 0.054
vt 0.944 0.054
vt 0.945 0.054
vt 0.944 0.054
vt 0.945 0.054
vt 0.944 0.054
vt 0.945 0.054
vt 0.945 0.054
vt 0.945 0.054
vt 0.945 0.054
vt 0.945 0.054
vt 0.945 0.054
vt 0.945 0.054
vt 0.945 0.054
vt 0.945 0.054
vt 0.945 0.054
vt 0.945 0.054
vt 0.945 0.054
vt 0.945 0.054
vt 0.945 0.054
vt 0.946 0.054
vt 0.945 0.054
vt 0.946 0.054
vt 0.945 0.054
vt 0.945 0.054
vt 0.946 0.054
vt 0.946 0.054
vt 0.945 0.054
vt 0.946 0.054
vt 0.945 0.054
vt 0.945 0.054
vt 0.946 0.054
vt 0.946 0.054
vt 0.945 0.054
vt 0.946 0.054
vt 0.945 0.054
vt 0.945 0.054
vt 0.946 0.054
vt 0.946 0.054
vt 0.945 0.054
vt 0.946 0.054
vt 0.945 0.054
vt 0.945 0.054
vt 0.946 0.054
vt 0.945 0.054
vt 0.945 0.054
vt 0.946 0.054
vt 0.945 0.054
vt 0.944 0.054
vt 0.945 0.054
vt 0.945 0.054
vt 0.945 0.054
vt 0.945 0.054
vt 0.945 0.054
vt 0.945 0.054
vt 0.945 0.054
vt 0.945 0.054
vt 0.945 0.054
vt 0.945 0.054
vt 0.945 0.054
vt 0.945 0.054
vt 0.945 0.054
vt 0.945 0.054
vt 0.945 0.054
vt 0.945 0.054
vt 0.945 0.054
vt 0.945 0.054
vt 0.945 0.054
vt 0.944 0.054
vt 0.945 0.054
vt 0.944 0.053
vt 0.945 0.054
vt 0.945 0.053
vt 0.944 0.053
vt 0.945 0.054
vt 0.945 0.054
vt 0.945 0.054
vt 0.945 0.054
vt 0.945 0.054
vt 0.945 0.054
vt 0.944 0.054
vt 0.944 0.054
vt 0.945 0.054
vt 0.944 0.054
vt 0.945 0.054
vt 0.945 0.054
vt 0.945 0.054
vt 0.945 0.054
vt 0.945 0.054
vt 0.945 0.054
vt 0.945 0.054
vt 0.945 0.054
vt 0.958 0.065
vt 0.957 0.065
vt 0.954 0.065
vt 0.954 0.065
vt 0.956 0.065
vt 0.954 0.065
vt 0.954 0.065
vt 0.957 0.065
vt 0.956 0.065
vt 0.954 0.065
vt 0.958 0.065
vt 0.958 0.065
vt 0.937 0.469
vt 0.923 0.469
vt 0.937 0.38
vt 0.923 0.469
vt 0.923 0.38
vt 0.937 0.38
vt 0.951 0.469
vt 0.937 0.469
vt 0.951 0.38
vt 0.937 0.469
vt 0.937 0.38
vt 0.951 0.38
vt 0.966 0.469
vt 0.951 0.469
vt 0.966 0.38
vt 0.951 0.469
vt 0.951 0.38
vt 0.966 0.38
vt 0.98 0.38
vt 0.98 0.469
vt 0.966 0.38
vt 0.98 0.469
vt 0.966 0.469
vt 0.966 0.38
vt 0.981 0.906
vt 0.96 0.906
vt 0.981 0.732
vt 0.96 0.906
vt 0.96 0.732
vt 0.981 0.732
vt 0.981 0.732
vt 0.96 0.732
vt 0.981 0.568
vt 0.96 0.732
vt 0.96 0.568
vt 0.981 0.568
vt 0.289 0.104
vt 0.289 0.073
vt 0.499 0.104
vt 0.289 0.073
vt 0.499 0.073
vt 0.499 0.104
vt 0.318 0.268
vt 0.349 0.441
vt 0.296 0.268
vt 0.349 0.441
vt 0.327 0.441
vt 0.296 0.268
vt 0.964 0.044
vt 0.966 0.044
vt 0.964 0.044
vt 0.966 0.044
vt 0.966 0.044
vt 0.964 0.044
vt 0.964 0.044
vt 0.966 0.044
vt 0.964 0.045
vt 0.966 0.044
vt 0.965 0.045
vt 0.964 0.045
vt 0.964 0.046
vt 0.964 0.045
vt 0.965 0.046
vt 0.964 0.045
vt 0.965 0.045
vt 0.965 0.046
vt 0.963 0.047
vt 0.964 0.046
vt 0.965 0.048
vt 0.964 0.046
vt 0.965 0.046
vt 0.965 0.048
vt 0.963 0.049
vt 0.963 0.047
vt 0.965 0.049
vt 0.963 0.047
vt 0.965 0.048
vt 0.965 0.049
vt 0.963 0.049
vt 0.965 0.049
vt 0.963 0.05
vt 0.965 0.049
vt 0.965 0.05
vt 0.963 0.05
vt 0.963 0.05
vt 0.963 0.05
vt 0.964 0.051
vt 0.963 0.05
vt 0.965 0.05
vt 0.964 0.051
vt 0.963 0.051
vt 0.963 0.05
vt 0.964 0.051
vt 0.963 0.05
vt 0.964 0.051
vt 0.964 0.051
vt 0.968 0.032
vt 0.968 0.032
vt 0.965 0.032
vt 0.968 0.032
vt 0.965 0.032
vt 0.965 0.032
vt 0.966 0.043
vt 0.966 0.043
vt 0.966 0.044
vt 0.966 0.043
vt 0.966 0.043
vt 0.966 0.044
vt 0.967 0.032
vt 0.967 0.032
vt 0.966 0.032
vt 0.967 0.032
vt 0.965 0.032
vt 0.966 0.032
vt 0.96 0.732
vt 0.865 0.732
vt 0.96 0.568
vt 0.865 0.732
vt 0.865 0.568
vt 0.96 0.568
vt 0.289 0.104
vt 0.267 0.104
vt 0.289 0.073
vt 0.267 0.104
vt 0.267 0.073
vt 0.289 0.073
vt 0.966 0.044
vt 0.966 0.043
vt 0.966 0.044
vt 0.966 0.043
vt 0.966 0.044
vt 0.966 0.044
vt 0.318 0.268
vt 0.296 0.268
vt 0.289 0.104
vt 0.296 0.268
vt 0.267 0.104
vt 0.289 0.104
vt 0.965 0.046
vt 0.966 0.044
vt 0.966 0.046
vt 0.966 0.044
vt 0.966 0.044
vt 0.966 0.046
vt 0.962 0.054
vt 0.963 0.054
vt 0.962 0.054
vt 0.963 0.054
vt 0.963 0.054
vt 0.962 0.054
vt 0.965 0.048
vt 0.965 0.046
vt 0.965 0.048
vt 0.965 0.046
vt 0.966 0.046
vt 0.965 0.048
vt 0.965 0.049
vt 0.965 0.048
vt 0.965 0.049
vt 0.965 0.048
vt 0.965 0.048
vt 0.965 0.049
vt 0.964 0.051
vt 0.965 0.049
vt 0.965 0.051
vt 0.965 0.049
vt 0.965 0.049
vt 0.965 0.051
vt 0.964 0.052
vt 0.964 0.051
vt 0.964 0.052
vt 0.964 0.051
vt 0.965 0.051
vt 0.964 0.052
vt 0.96 0.568
vt 0.865 0.568
vt 0.96 0.537
vt 0.865 0.568
vt 0.865 0.537
vt 0.96 0.537
vt 0.963 0.051
vt 0.963 0.052
vt 0.963 0.052
vt 0.964 0.052
vt 0.964 0.052
vt 0.964 0.052
vt 0.964 0.052
vt 0.964 0.052
vt 0.964 0.052
vt 0.964 0.044
vt 0.964 0.044
vt 0.965 0.036
vt 0.965 0.036
vt 0.954 0.036
vt 0.965 0.032
vt 0.954 0.036
vt 0.954 0.032
vt 0.965 0.032
vt 0.964 0.045
vt 0.965 0.036
vt 0.964 0.044
vt 0.964 0.046
vt 0.965 0.036
vt 0.964 0.045
vt 0.954 0.052
vt 0.954 0.052
vt 0.963 0.052
vt 0.954 0.052
vt 0.963 0.052
vt 0.963 0.052
vt 0.964 0.046
vt 0.963 0.047
vt 0.965 0.036
vt 0.965 0.032
vt 0.965 0.032
vt 0.965 0.036
vt 0.965 0.032
vt 0.965 0.036
vt 0.965 0.036
vt 0.963 0.052
vt 0.963 0.05
vt 0.963 0.05
vt 0.963 0.052
vt 0.963 0.049
vt 0.963 0.05
vt 0.963 0.052
vt 0.963 0.05
vt 0.963 0.051
vt 0.963 0.052
vt 0.963 0.047
vt 0.963 0.049
vt 0.965 0.036
vt 0.963 0.052
vt 0.954 0.036
vt 0.963 0.052
vt 0.954 0.052
vt 0.954 0.036
vt 0.963 0.047
vt 0.963 0.052
vt 0.965 0.036
vt 0.964 0.051
vt 0.964 0.051
vt 0.964 0.052
vt 0.964 0.051
vt 0.964 0.052
vt 0.964 0.052
vt 0.964 0.051
vt 0.965 0.05
vt 0.964 0.052
vt 0.965 0.05
vt 0.964 0.051
vt 0.964 0.052
vt 0.965 0.05
vt 0.965 0.049
vt 0.964 0.051
vt 0.965 0.049
vt 0.965 0.049
vt 0.964 0.051
vt 0.965 0.049
vt 0.965 0.048
vt 0.965 0.049
vt 0.965 0.048
vt 0.965 0.048
vt 0.965 0.049
vt 0.965 0.048
vt 0.965 0.046
vt 0.965 0.048
vt 0.965 0.046
vt 0.965 0.046
vt 0.965 0.048
vt 0.965 0.046
vt 0.965 0.045
vt 0.965 0.046
vt 0.965 0.045
vt 0.966 0.044
vt 0.965 0.046
vt 0.965 0.045
vt 0.966 0.044
vt 0.966 0.044
vt 0.966 0.044
vt 0.966 0.043
vt 0.966 0.044
vt 0.966 0.044
vt 0.966 0.044
vt 0.966 0.043
vt 0.966 0.044
vt 0.966 0.043
vt 0.966 0.043
vt 0.865 0.732
vt 0.96 0.732
vt 0.896 0.748
vt 0.896 0.748
vt 0.96 0.732
vt 0.921 0.764
vt 0.921 0.764
vt 0.96 0.732
vt 0.938 0.789
vt 0.938 0.789
vt 0.96 0.732
vt 0.944 0.819
vt 0.944 0.819
vt 0.96 0.732
vt 0.96 0.906
vt 0.865 0.742
vt 0.865 0.732
vt 0.896 0.748
vt 0.938 0.849
vt 0.944 0.819
vt 0.96 0.906
vt 0.921 0.874
vt 0.938 0.849
vt 0.96 0.906
vt 0.896 0.891
vt 0.921 0.874
vt 0.96 0.906
vt 0.96 0.906
vt 0.865 0.906
vt 0.896 0.891
vt 0.865 0.906
vt 0.865 0.896
vt 0.896 0.891
vt 0.954 0.032
vt 0.966 0.032
vt 0.954 0.032
vt 0.966 0.032
vt 0.965 0.032
vt 0.954 0.032
vt 0.964 0.044
vt 0.965 0.036
vt 0.965 0.036
vt 0.96 0.537
vt 0.981 0.537
vt 0.96 0.568
vt 0.981 0.537
vt 0.981 0.568
vt 0.96 0.568
vt 0.962 0.054
vt 0.954 0.054
vt 0.962 0.054
vt 0.954 0.054
vt 0.954 0.054
vt 0.962 0.054
vt 0.499 0.268
vt 0.499 0.441
vt 0.318 0.268
vt 0.499 0.441
vt 0.349 0.441
vt 0.318 0.268
vt 0.289 0.104
vt 0.499 0.104
vt 0.318 0.268
vt 0.499 0.104
vt 0.499 0.268
vt 0.318 0.268
vt 0.967 0.032
vt 0.968 0.032
vt 0.965 0.032
vt 0.968 0.032
vt 0.968 0.032
vt 0.965 0.032
vt 0.96 0.929
vt 0.865 0.929
vt 0.96 0.906
vt 0.865 0.929
vt 0.865 0.906
vt 0.96 0.906
vt 0.958 0.054
vt 0.958 0.054
vt 0.962 0.054
vt 0.958 0.054
vt 0.962 0.054
vt 0.962 0.054
vt 0.957 0.054
vt 0.958 0.054
vt 0.962 0.054
vt 0.956 0.054
vt 0.957 0.054
vt 0.962 0.054
vt 0.962 0.054
vt 0.954 0.054
vt 0.956 0.054
vt 0.954 0.054
vt 0.954 0.054
vt 0.956 0.054
vt 0.967 0.032
vt 0.967 0.032
vt 0.967 0.032
vt 0.967 0.032
vt 0.968 0.032
vt 0.967 0.032
vt 0.968 0.032
vt 0.968 0.032
vt 0.967 0.032
vt 0.968 0.032
vt 0.968 0.032
vt 0.967 0.032
vt 0.335 0.456
vt 0.33 0.448
vt 0.349 0.441
vt 0.981 0.906
vt 0.979 0.913
vt 0.96 0.906
vt 0.96 0.906
vt 0.974 0.921
vt 0.968 0.926
vt 0.335 0.456
vt 0.349 0.441
vt 0.343 0.461
vt 0.962 0.054
vt 0.963 0.054
vt 0.963 0.054
vt 0.962 0.054
vt 0.962 0.054
vt 0.963 0.054
vt 0.349 0.441
vt 0.353 0.464
vt 0.343 0.461
vt 0.967 0.032
vt 0.967 0.033
vt 0.967 0.032
vt 0.967 0.033
vt 0.967 0.033
vt 0.967 0.032
vt 0.967 0.032
vt 0.967 0.033
vt 0.968 0.032
vt 0.967 0.033
vt 0.968 0.033
vt 0.968 0.032
vt 0.968 0.032
vt 0.968 0.033
vt 0.968 0.032
vt 0.968 0.033
vt 0.968 0.033
vt 0.968 0.032
vt 0.968 0.032
vt 0.968 0.033
vt 0.968 0.032
vt 0.968 0.033
vt 0.968 0.033
vt 0.968 0.032
vt 0.96 0.929
vt 0.96 0.906
vt 0.968 0.926
vt 0.967 0.033
vt 0.966 0.043
vt 0.967 0.033
vt 0.966 0.043
vt 0.966 0.043
vt 0.967 0.033
vt 0.967 0.033
vt 0.966 0.043
vt 0.968 0.033
vt 0.966 0.043
vt 0.966 0.043
vt 0.968 0.033
vt 0.968 0.033
vt 0.966 0.043
vt 0.968 0.033
vt 0.966 0.043
vt 0.966 0.043
vt 0.968 0.033
vt 0.968 0.033
vt 0.966 0.043
vt 0.968 0.033
vt 0.966 0.043
vt 0.966 0.043
vt 0.968 0.033
vt 0.964 0.053
vt 0.966 0.043
vt 0.964 0.053
vt 0.966 0.043
vt 0.966 0.043
vt 0.964 0.053
vt 0.964 0.053
vt 0.966 0.043
vt 0.964 0.053
vt 0.966 0.043
vt 0.966 0.043
vt 0.964 0.053
vt 0.964 0.053
vt 0.966 0.043
vt 0.964 0.053
vt 0.966 0.043
vt 0.966 0.043
vt 0.964 0.053
vt 0.964 0.053
vt 0.966 0.043
vt 0.964 0.053
vt 0.966 0.043
vt 0.966 0.043
vt 0.964 0.053
vt 0.963 0.054
vt 0.963 0.054
vt 0.962 0.054
vt 0.96 0.906
vt 0.979 0.913
vt 0.974 0.921
vt 0.963 0.054
vt 0.963 0.054
vt 0.964 0.054
vt 0.963 0.054
vt 0.964 0.054
vt 0.964 0.054
vt 0.964 0.054
vt 0.964 0.054
vt 0.964 0.054
vt 0.964 0.054
vt 0.964 0.054
vt 0.964 0.054
vt 0.964 0.054
vt 0.964 0.054
vt 0.964 0.054
vt 0.964 0.054
vt 0.964 0.054
vt 0.964 0.054
vt 0.964 0.054
vt 0.964 0.054
vt 0.964 0.054
vt 0.964 0.054
vt 0.964 0.054
vt 0.964 0.054
vt 0.962 0.054
vt 0.963 0.054
vt 0.963 0.054
vt 0.33 0.448
vt 0.327 0.441
vt 0.349 0.441
vt 0.962 0.054
vt 0.954 0.054
vt 0.962 0.054
vt 0.954 0.054
vt 0.954 0.054
vt 0.962 0.054
vt 0.962 0.054
vt 0.954 0.054
vt 0.962 0.054
vt 0.954 0.054
vt 0.954 0.054
vt 0.962 0.054
vt 0.962 0.054
vt 0.954 0.054
vt 0.962 0.054
vt 0.954 0.054
vt 0.954 0.054
vt 0.962 0.054
vt 0.962 0.054
vt 0.954 0.054
vt 0.962 0.054
vt 0.954 0.054
vt 0.954 0.054
vt 0.962 0.054
vt 0.499 0.441
vt 0.499 0.464
vt 0.349 0.441
vt 0.499 0.464
vt 0.353 0.464
vt 0.349 0.441
vt 0.962 0.032
vt 0.962 0.032
vt 0.96 0.032
vt 0.962 0.032
vt 0.96 0.032
vt 0.96 0.032
vt 0.962 0.032
vt 0.962 0.052
vt 0.96 0.032
vt 0.962 0.052
vt 0.96 0.052
vt 0.96 0.032
vt 0.96 0.032
vt 0.96 0.052
vt 0.96 0.032
vt 0.96 0.052
vt 0.96 0.052
vt 0.96 0.032
vt 0.962 0.032
vt 0.962 0.052
vt 0.962 0.032
vt 0.962 0.052
vt 0.962 0.052
vt 0.962 0.032
vt 0.959 0.032
vt 0.958 0.032
vt 0.959 0.032
vt 0.958 0.032
vt 0.958 0.032
vt 0.959 0.032
vt 0.959 0.032
vt 0.957 0.032
vt 0.959 0.032
vt 0.957 0.032
vt 0.958 0.032
vt 0.959 0.032
vt 0.958 0.032
vt 0.957 0.032
vt 0.959 0.032
vt 0.957 0.032
vt 0.957 0.032
vt 0.959 0.032
vt 0.956 0.032
vt 0.957 0.032
vt 0.957 0.032
vt 0.957 0.032
vt 0.958 0.032
vt 0.957 0.032
vt 0.957 0.032
vt 0.956 0.032
vt 0.956 0.032
vt 0.956 0.032
vt 0.956 0.032
vt 0.957 0.032
vt 0.956 0.032
vt 0.957 0.032
vt 0.957 0.032
vt 0.956 0.032
vt 0.956 0.032
vt 0.957 0.032
vt 0.956 0.032
vt 0.957 0.032
vt 0.957 0.032
vt 0.957 0.032
vt 0.956 0.032
vt 0.957 0.032
vt 0.956 0.032
vt 0.956 0.032
vt 0.957 0.032
vt 0.956 0.033
vt 0.956 0.032
vt 0.957 0.033
vt 0.956 0.032
vt 0.957 0.032
vt 0.957 0.033
vt 0.956 0.032
vt 0.956 0.032
vt 0.957 0.032
vt 0.956 0.032
vt 0.957 0.032
vt 0.957 0.032
vt 0.957 0.032
vt 0.957 0.032
vt 0.957 0.052
vt 0.957 0.032
vt 0.957 0.052
vt 0.957 0.052
vt 0.957 0.032
vt 0.957 0.032
vt 0.957 0.052
vt 0.957 0.032
vt 0.957 0.052
vt 0.957 0.052
vt 0.958 0.032
vt 0.958 0.032
vt 0.958 0.052
vt 0.958 0.032
vt 0.958 0.052
vt 0.958 0.052
vt 0.956 0.032
vt 0.956 0.032
vt 0.956 0.052
vt 0.956 0.032
vt 0.956 0.052
vt 0.956 0.052
vt 0.956 0.034
vt 0.956 0.033
vt 0.957 0.034
vt 0.956 0.033
vt 0.957 0.033
vt 0.957 0.034
vt 0.958 0.032
vt 0.959 0.032
vt 0.958 0.052
vt 0.959 0.032
vt 0.959 0.052
vt 0.958 0.052
vt 0.956 0.032
vt 0.956 0.032
vt 0.956 0.052
vt 0.956 0.032
vt 0.956 0.052
vt 0.956 0.052
vt 0.959 0.032
vt 0.959 0.032
vt 0.959 0.052
vt 0.959 0.032
vt 0.959 0.052
vt 0.959 0.052
vt 0.957 0.032
vt 0.957 0.032
vt 0.957 0.052
vt 0.957 0.032
vt 0.957 0.052
vt 0.957 0.052
vt 0.956 0.032
vt 0.956 0.034
vt 0.956 0.052
vt 0.956 0.034
vt 0.956 0.04
vt 0.956 0.052
vt 0.957 0.032
vt 0.958 0.032
vt 0.957 0.052
vt 0.958 0.032
vt 0.958 0.052
vt 0.957 0.052
vt 0.957 0.032
vt 0.956 0.032
vt 0.957 0.052
vt 0.956 0.032
vt 0.956 0.052
vt 0.957 0.052
vt 0.958 0.032
vt 0.957 0.032
vt 0.958 0.052
vt 0.957 0.032
vt 0.957 0.052
vt 0.958 0.052
vt 0.956 0.032
vt 0.956 0.032
vt 0.956 0.052
vt 0.956 0.032
vt 0.956 0.052
vt 0.956 0.052
vt 0.956 0.032
vt 0.956 0.032
vt 0.956 0.052
vt 0.956 0.032
vt 0.956 0.052
vt 0.956 0.052
vt 0.957 0.032
vt 0.957 0.032
vt 0.957 0.052
vt 0.957 0.032
vt 0.957 0.052
vt 0.957 0.052
vt 0.959 0.032
vt 0.959 0.032
vt 0.959 0.052
vt 0.959 0.032
vt 0.959 0.052
vt 0.959 0.052
vt 0.956 0.04
vt 0.957 0.04
vt 0.956 0.041
vt 0.957 0.04
vt 0.957 0.041
vt 0.956 0.041
vt 0.956 0.041
vt 0.957 0.041
vt 0.956 0.041
vt 0.957 0.041
vt 0.957 0.041
vt 0.956 0.041
vt 0.956 0.041
vt 0.957 0.041
vt 0.956 0.041
vt 0.957 0.041
vt 0.957 0.041
vt 0.956 0.041
vt 0.956 0.041
vt 0.957 0.041
vt 0.956 0.041
vt 0.957 0.041
vt 0.957 0.041
vt 0.956 0.041
vt 0.957 0.052
vt 0.957 0.041
vt 0.957 0.041
vt 0.957 0.052
vt 0.957 0.041
vt 0.957 0.041
vt 0.957 0.052
vt 0.957 0.041
vt 0.957 0.041
vt 0.957 0.052
vt 0.957 0.041
vt 0.957 0.04
vt 0.956 0.052
vt 0.956 0.04
vt 0.956 0.041
vt 0.956 0.052
vt 0.956 0.041
vt 0.956 0.041
vt 0.956 0.052
vt 0.956 0.041
vt 0.956 0.041
vt 0.956 0.052
vt 0.956 0.041
vt 0.956 0.041
vt 0.956 0.041
vt 0.956 0.052
vt 0.956 0.052
vt 0.957 0.052
vt 0.957 0.052
vt 0.957 0.041
vt 0.957 0.032
vt 0.957 0.032
vt 0.956 0.032
vt 0.957 0.032
vt 0.956 0.032
vt 0.956 0.032
vt 0.956 0.032
vt 0.956 0.033
vt 0.956 0.032
vt 0.956 0.034
vt 0.956 0.032
vt 0.956 0.033
vt 0.956 0.032
vt 0.956 0.032
vt 0.956 0.033
vt 0.956 0.04
vt 0.956 0.034
vt 0.957 0.04
vt 0.956 0.034
vt 0.957 0.034
vt 0.957 0.04
vt 0.957 0.04
vt 0.957 0.034
vt 0.957 0.052
vt 0.957 0.034
vt 0.957 0.032
vt 0.957 0.052
vt 0.957 0.033
vt 0.957 0.032
vt 0.957 0.034
vt 0.957 0.032
vt 0.957 0.032
vt 0.957 0.034
vt 0.957 0.032
vt 0.957 0.032
vt 0.957 0.033
vt 0.964 0.053
vt 0.964 0.053
vt 0.964 0.053
vt 0.964 0.053
vt 0.964 0.053
vt 0.964 0.053
vt 0.964 0.053
vt 0.964 0.053
vt 0.964 0.053
vt 0.964 0.053
vt 0.964 0.053
vt 0.964 0.053
vt 0.964 0.053
vt 0.964 0.053
vt 0.964 0.053
vt 0.964 0.053
vt 0.964 0.053
vt 0.964 0.053
vt 0.964 0.053
vt 0.964 0.053
vt 0.964 0.053
vt 0.964 0.053
vt 0.964 0.053
vt 0.964 0.053
vt 0.963 0.053
vt 0.964 0.053
vt 0.964 0.053
vt 0.964 0.053
vt 0.964 0.053
vt 0.964 0.053
vt 0.964 0.053
vt 0.964 0.053
vt 0.964 0.053
vt 0.964 0.053
vt 0.964 0.053
vt 0.964 0.053
vt 0.964 0.053
vt 0.964 0.053
vt 0.964 0.053
vt 0.964 0.053
vt 0.964 0.053
vt 0.964 0.053
vt 0.964 0.053
vt 0.964 0.053
vt 0.964 0.053
vt 0.964 0.053
vt 0.964 0.053
vt 0.964 0.053
vt 0.963 0.054
vt 0.963 0.054
vt 0.963 0.053
vt 0.964 0.054
vt 0.964 0.054
vt 0.964 0.053
vt 0.964 0.054
vt 0.964 0.053
vt 0.964 0.053
vt 0.964 0.054
vt 0.964 0.054
vt 0.964 0.053
vt 0.964 0.054
vt 0.964 0.053
vt 0.964 0.053
vt 0.964 0.054
vt 0.964 0.054
vt 0.964 0.054
vt 0.964 0.054
vt 0.964 0.054
vt 0.964 0.054
vt 0.964 0.054
vt 0.964 0.054
vt 0.964 0.054
vt 0.964 0.054
vt 0.964 0.054
vt 0.964 0.054
vt 0.964 0.054
vt 0.964 0.054
vt 0.964 0.054
vt 0.964 0.054
vt 0.964 0.054
vt 0.964 0.054
vt 0.963 0.054
vt 0.964 0.054
vt 0.964 0.054
vt 0.964 0.054
vt 0.964 0.054
vt 0.964 0.054
vt 0.963 0.054
vt 0.963 0.054
vt 0.963 0.054
vt 0.963 0.054
vt 0.964 0.054
vt 0.963 0.054
vt 0.964 0.054
vt 0.964 0.054
vt 0.964 0.054
vt 0.964 0.054
vt 0.964 0.054
vt 0.964 0.054
vt 0.964 0.054
vt 0.964 0.054
vt 0.964 0.054
vt 0.964 0.054
vt 0.964 0.054
vt 0.964 0.054
vt 0.964 0.054
vt 0.964 0.054
vt 0.963 0.054
vt 0.964 0.054
vt 0.964 0.054
vt 0.963 0.054
vt 0.963 0.054
vt 0.964 0.054
vt 0.963 0.054
vt 0.964 0.054
vt 0.963 0.054
vt 0.963 0.054
vt 0.964 0.054
vt 0.964 0.054
vt 0.964 0.054
vt 0.964 0.054
vt 0.964 0.054
vt 0.964 0.054
vt 0.963 0.054
vt 0.963 0.054
vt 0.963 0.054
vt 0.963 0.054
vt 0.963 0.054
vt 0.963 0.054
vt 0.964 0.054
vt 0.964 0.054
vt 0.964 0.054
vt 0.964 0.054
vt 0.964 0.054
vt 0.964 0.054
vt 0.964 0.054
vt 0.964 0.054
vt 0.964 0.054
vt 0.964 0.054
vt 0.964 0.054
vt 0.964 0.054
vt 0.964 0.054
vt 0.964 0.054
vt 0.964 0.054
vt 0.964 0.054
vt 0.964 0.054
vt 0.963 0.054
vt 0.964 0.054
vt 0.963 0.054
vt 0.963 0.054
vt 0.963 0.054
vt 0.964 0.054
vt 0.964 0.054
vt 0.964 0.054
vt 0.964 0.054
vt 0.964 0.054
vt 0.964 0.054
vt 0.964 0.054
vt 0.964 0.054
vt 0.964 0.054
vt 0.964 0.054
vt 0.964 0.054
vt 0.964 0.054
vt 0.964 0.054
vt 0.964 0.054
vt 0.964 0.054
vt 0.964 0.054
vt 0.964 0.054
vt 0.964 0.054
vt 0.964 0.054
vt 0.964 0.054
vt 0.964 0.054
vt 0.964 0.054
vt 0.964 0.054
vt 0.964 0.054
vt 0.964 0.054
vt 0.964 0.054
vt 0.964 0.054
vt 0.964 0.054
vt 0.964 0.054
vt 0.964 0.054
vt 0.964 0.054
vt 0.964 0.054
vt 0.964 0.054
vt 0.964 0.054
vt 0.964 0.054
vt 0.964 0.054
vt 0.964 0.054
vt 0.964 0.054
vt 0.964 0.054
vt 0.964 0.054
vt 0.964 0.054
vt 0.964 0.054
vt 0.964 0.054
vt 0.964 0.054
vt 0.964 0.054
vt 0.964 0.054
vt 0.964 0.054
vt 0.964 0.054
vt 0.964 0.054
vt 0.964 0.054
vt 0.964 0.054
vt 0.964 0.054
vt 0.964 0.053
vt 0.964 0.054
vt 0.964 0.053
vt 0.964 0.053
vt 0.964 0.053
vt 0.964 0.054
vt 0.964 0.054
vt 0.963 0.054
vt 0.963 0.054
vt 0.964 0.054
vt 0.963 0.054
vt 0.964 0.054
vt 0.964 0.054
vt 0.963 0.054
vt 0.963 0.054
vt 0.964 0.054
vt 0.963 0.054
vt 0.963 0.054
vt 0.964 0.054
vt 0.963 0.054
vt 0.963 0.054
vt 0.963 0.054
vt 0.963 0.054
vt 0.963 0.054
vt 0.963 0.054
vt 0.962 0.054
vt 0.962 0.054
vt 0.963 0.054
vt 0.962 0.054
vt 0.963 0.054
vt 0.963 0.054
vt 0.962 0.054
vt 0.962 0.054
vt 0.963 0.054
vt 0.962 0.054
vt 0.963 0.054
vt 0.963 0.054
vt 0.962 0.054
vt 0.962 0.054
vt 0.963 0.054
vt 0.962 0.054
vt 0.963 0.054
vt 0.963 0.054
vt 0.962 0.054
vt 0.962 0.054
vt 0.963 0.054
vt 0.962 0.054
vt 0.963 0.054
vt 0.963 0.054
vt 0.963 0.054
vt 0.962 0.054
vt 0.963 0.054
vt 0.964 0.054
vt 0.963 0.054
vt 0.964 0.054
vt 0.963 0.054
vt 0.963 0.054
vt 0.963 0.054
vt 0.963 0.054
vt 0.963 0.054
vt 0.963 0.054
vt 0.963 0.054
vt 0.963 0.054
vt 0.963 0.054
vt 0.963 0.054
vt 0.963 0.054
vt 0.963 0.054
vt 0.963 0.054
vt 0.963 0.054
vt 0.963 0.054
vt 0.963 0.054
vt 0.963 0.054
vt 0.963 0.054
vt 0.964 0.054
vt 0.964 0.053
vt 0.963 0.054
vt 0.964 0.053
vt 0.963 0.053
vt 0.963 0.054
vt 0.963 0.054
vt 0.963 0.054
vt 0.963 0.054
vt 0.963 0.054
vt 0.963 0.054
vt 0.963 0.054
vt 0.964 0.054
vt 0.963 0.054
vt 0.964 0.054
vt 0.963 0.054
vt 0.963 0.054
vt 0.964 0.054
vt 0.963 0.054
vt 0.963 0.054
vt 0.963 0.054
vt 0.963 0.054
vt 0.963 0.054
vt 0.963 0.054
usemtl MB_106_official_1007
s off
f 4/1 5/2 603/3
f 603/4 6/5 190/6
f 603/7 5/8 6/9
f 603/10 386/11 4/12
f 820/13 819/14 3/15
f 819/16 385/17 3/18
f 3/19 1/20 820/21
f 1/22 821/23 820/24
f 1/25 2/26 821/27
f 2/28 826/29 821/30
f 186/31 825/32 2/33
f 825/34 826/35 2/36
f 896/37 24/38 895/39
f 24/40 23/41 895/42
f 895/43 23/44 892/45
f 23/46 859/47 892/48
f 42/49 46/50 203/51
f 46/52 202/53 203/54
f 44/55 43/56 64/57
f 43/58 897/59 64/60
f 401/61 402/62 15/63
f 402/64 16/65 15/66
f 15/67 16/68 14/69
f 16/70 17/71 14/72
f 13/73 14/74 18/75
f 14/76 17/77 18/78
f 12/79 13/80 19/81
f 13/82 18/83 19/84
f 11/85 12/86 20/87
f 12/88 19/89 20/90
f 11/91 20/92 10/93
f 20/94 21/95 10/96
f 9/97 10/98 22/99
f 10/100 21/101 22/102
f 393/103 9/104 410/105
f 9/106 22/107 410/108
f 857/109 417/110 25/111
f 417/112 420/113 25/114
f 35/115 431/116 26/117
f 431/118 390/119 26/120
f 47/121 49/122 881/123
f 49/124 25/125 881/126
f 23/127 421/128 859/129
f 421/130 418/131 859/132
f 42/133 54/134 46/135
f 54/136 882/137 46/138
f 36/139 35/140 29/141
f 35/142 26/143 29/144
f 44/145 64/146 42/147
f 64/148 54/149 42/150
f 37/151 36/152 30/153
f 36/154 29/155 30/156
f 445/157 473/158 45/159
f 473/160 898/161 45/162
f 38/163 37/164 31/165
f 37/166 30/167 31/168
f 39/169 38/170 32/171
f 38/172 31/173 32/174
f 40/175 39/176 33/177
f 39/178 32/179 33/180
f 41/181 40/182 34/183
f 40/184 33/185 34/186
f 28/187 860/188 27/189
f 860/190 858/191 27/192
f 829/193 423/194 7/195
f 871/196 41/197 430/198
f 41/199 34/200 430/201
f 837/202 836/203 8/204
f 866/205 283/206 848/207
f 283/208 879/209 848/210
f 835/211 8/212 836/213
f 834/214 8/215 835/216
f 644/217 207/218 864/219
f 207/220 862/221 864/222
f 834/223 833/224 8/225
f 849/226 847/227 867/228
f 847/229 419/230 867/231
f 7/232 831/233 830/234
f 7/235 832/236 831/237
f 7/238 830/239 829/240
f 7/241 833/242 832/243
f 866/244 863/245 283/246
f 863/247 869/248 283/249
f 833/250 7/251 8/252
f 846/253 845/254 439/255
f 845/256 870/257 439/258
f 845/259 844/260 870/261
f 844/262 872/263 870/264
f 844/265 843/266 872/267
f 843/268 873/269 872/270
f 843/271 842/272 873/273
f 842/274 874/275 873/276
f 842/277 841/278 874/279
f 841/280 875/281 874/282
f 841/283 840/284 875/285
f 840/286 876/287 875/288
f 840/289 839/290 876/291
f 839/292 877/293 876/294
f 839/295 838/296 877/297
f 838/298 878/299 877/300
f 421/301 23/302 861/303
f 861/304 23/305 856/306
f 856/307 23/308 855/309
f 855/310 23/311 854/312
f 854/313 23/314 24/315
f 865/316 421/317 861/318
f 853/319 854/320 24/321
f 852/322 853/323 24/324
f 850/325 852/326 24/327
f 24/328 422/329 850/330
f 422/331 851/332 850/333
f 880/334 881/335 201/336
f 881/337 25/338 201/339
f 837/340 8/341 868/342
f 27/343 887/344 28/345
f 887/346 891/347 28/348
f 905/349 904/350 45/351
f 904/352 206/353 45/354
f 204/355 205/356 44/357
f 205/358 43/359 44/360
f 42/361 203/362 44/363
f 203/364 204/365 44/366
f 49/367 48/368 25/369
f 48/370 857/371 25/372
f 901/373 900/374 24/375
f 900/376 422/377 24/378
f 827/379 828/380 445/381
f 827/382 445/383 45/384
f 822/385 827/386 45/387
f 823/388 822/389 45/390
f 45/391 206/392 823/393
f 206/394 824/395 823/396
f 47/397 50/398 49/399
f 50/400 51/401 49/402
f 51/403 52/404 49/405
f 52/406 48/407 49/408
f 137/409 136/410 43/411
f 896/412 144/413 24/414
f 24/415 143/416 142/417
f 137/418 43/419 138/420
f 45/421 139/422 140/423
f 905/424 45/425 141/426
f 43/427 902/428 138/429
f 883/430 889/431 884/432
f 889/433 57/434 884/435
f 884/436 57/437 885/438
f 57/439 56/440 885/441
f 885/442 56/443 886/444
f 56/445 55/446 886/447
f 886/448 55/449 888/450
f 55/451 53/452 888/453
f 901/454 24/455 142/456
f 889/457 894/458 57/459
f 894/460 67/461 57/462
f 57/463 67/464 56/465
f 67/466 66/467 56/468
f 56/469 66/470 890/471
f 66/472 65/473 890/474
f 890/475 65/476 893/477
f 65/478 63/479 893/480
f 59/481 63/482 62/483
f 63/484 65/485 62/486
f 62/487 65/488 61/489
f 65/490 66/491 61/492
f 61/493 66/494 60/495
f 66/496 67/497 60/498
f 60/499 67/500 58/501
f 67/502 894/503 58/504
f 898/505 139/506 45/507
f 24/508 144/509 143/510
f 69/511 899/512 72/513
f 899/514 476/515 72/516
f 72/517 476/518 71/519
f 476/520 475/521 71/522
f 71/523 475/524 70/525
f 475/526 474/527 70/528
f 70/529 474/530 68/531
f 474/532 472/533 68/534
f 45/535 140/536 141/537
f 136/538 897/539 43/540
f 74/541 240/542 77/543
f 240/544 243/545 77/546
f 77/547 243/548 76/549
f 243/550 242/551 76/552
f 76/553 242/554 75/555
f 242/556 241/557 75/558
f 75/559 241/560 73/561
f 241/562 239/563 73/564
f 205/565 903/566 43/567
f 903/568 902/569 43/570
f 78/571 80/572 79/573
f 80/574 81/575 79/576
f 906/577 912/578 910/579
f 912/580 913/581 910/582
f 911/583 85/584 909/585
f 85/586 83/587 909/588
f 908/589 82/590 907/591
f 82/592 84/593 907/594
f 90/595 95/596 86/597
f 95/598 93/599 86/600
f 91/601 96/602 90/603
f 96/604 95/605 90/606
f 92/607 97/608 91/609
f 97/610 96/611 91/612
f 94/613 97/614 101/615
f 97/616 92/617 101/618
f 104/619 928/620 100/621
f 99/622 98/623 103/624
f 98/625 102/626 103/627
f 98/628 94/629 102/630
f 94/631 101/632 102/633
f 104/634 100/635 103/636
f 100/637 99/638 103/639
f 132/640 131/641 135/642
f 131/643 134/644 135/645
f 131/646 130/647 134/648
f 130/649 133/650 134/651
f 930/652 929/653 121/654
f 929/655 120/656 121/657
f 922/658 923/659 115/660
f 923/661 116/662 115/663
f 920/664 921/665 112/666
f 921/667 114/668 112/669
f 926/670 927/671 118/672
f 927/673 119/674 118/675
f 935/676 132/677 88/678
f 132/679 135/680 88/681
f 919/682 918/683 111/684
f 918/685 110/686 111/687
f 924/688 925/689 113/690
f 925/691 117/692 113/693
f 917/694 916/695 109/696
f 916/697 105/698 109/699
f 931/700 930/701 122/702
f 930/703 121/704 122/705
f 89/706 87/707 108/708
f 87/709 106/710 108/711
f 929/712 919/713 120/714
f 919/715 111/716 120/717
f 923/718 924/719 116/720
f 924/721 113/722 116/723
f 921/724 922/725 114/726
f 922/727 115/728 114/729
f 927/730 89/731 119/732
f 89/733 108/734 119/735
f 925/736 926/737 117/738
f 926/739 118/740 117/741
f 932/742 931/743 123/744
f 931/745 122/746 123/747
f 918/748 917/749 110/750
f 917/751 109/752 110/753
f 934/754 107/755 124/756
f 107/757 125/758 124/759
f 124/760 125/761 126/762
f 125/763 127/764 126/765
f 126/766 127/767 128/768
f 127/769 129/770 128/771
f 128/772 129/773 534/774
f 129/775 535/776 534/777
f 123/778 945/779 943/780
f 123/781 943/782 941/783
f 123/784 941/785 939/786
f 123/787 939/788 938/789
f 108/790 106/791 937/792
f 108/793 937/794 940/795
f 108/796 940/797 942/798
f 108/799 942/800 944/801
f 944/802 536/803 108/804
f 123/805 537/806 945/807
f 104/808 133/809 928/810
f 133/811 130/812 928/813
f 947/814 948/815 946/816
f 87/817 89/818 948/819
f 89/820 946/821 948/822
f 934/823 935/824 107/825
f 935/826 88/827 107/828
f 938/829 915/830 123/831
f 915/832 932/833 123/834
f 914/835 936/836 915/837
f 936/838 932/839 915/840
f 933/841 936/842 914/843
f 59/844 62/845 956/846
f 62/847 147/848 956/849
f 62/850 61/851 147/852
f 61/853 146/854 147/855
f 61/856 60/857 146/858
f 60/859 145/860 146/861
f 60/862 58/863 145/864
f 58/865 949/866 145/867
f 950/868 157/869 949/870
f 157/871 145/872 949/873
f 145/874 157/875 146/876
f 157/877 156/878 146/879
f 146/880 156/881 147/882
f 156/883 155/884 147/885
f 955/886 956/887 155/888
f 956/889 147/890 155/891
f 951/892 183/893 950/894
f 154/895 153/896 157/897
f 153/898 156/899 157/900
f 153/901 152/902 156/903
f 152/904 155/905 156/906
f 152/907 161/908 170/909
f 161/910 174/911 170/912
f 150/913 160/914 151/915
f 160/916 161/917 151/918
f 149/919 159/920 150/921
f 159/922 160/923 150/924
f 148/925 158/926 149/927
f 158/928 159/929 149/930
f 952/931 954/932 148/933
f 954/934 158/935 148/936
f 152/937 153/938 161/939
f 153/940 151/941 161/942
f 150/943 151/944 164/945
f 151/946 165/947 164/948
f 149/949 150/950 163/951
f 150/952 164/953 163/954
f 148/955 149/956 162/957
f 149/958 163/959 162/960
f 154/961 165/962 153/963
f 165/964 151/965 153/966
f 952/967 148/968 953/969
f 148/970 162/971 953/972
f 71/973 70/974 167/975
f 70/976 166/977 167/978
f 72/979 71/980 168/981
f 71/982 167/983 168/984
f 957/985 169/986 68/987
f 72/988 168/989 69/990
f 168/991 954/992 69/993
f 954/994 168/995 171/996
f 172/997 171/998 167/999
f 171/1000 168/1001 167/1002
f 173/1003 172/1004 166/1005
f 172/1006 167/1007 166/1008
f 173/1009 166/1010 174/1011
f 166/1012 169/1013 174/1014
f 70/1015 68/1016 166/1017
f 68/1018 169/1019 166/1020
f 170/1021 174/1022 957/1023
f 174/1024 169/1025 957/1026
f 160/1027 173/1028 161/1029
f 173/1030 174/1031 161/1032
f 160/1033 159/1034 173/1035
f 159/1036 172/1037 173/1038
f 159/1039 158/1040 172/1041
f 158/1042 171/1043 172/1044
f 152/1045 170/1046 155/1047
f 170/1048 955/1049 155/1050
f 955/1051 170/1052 957/1053
f 179/1054 180/1055 165/1056
f 180/1057 164/1058 165/1059
f 180/1060 181/1061 164/1062
f 181/1063 163/1064 164/1065
f 181/1066 182/1067 163/1068
f 182/1069 162/1070 163/1071
f 76/1072 75/1073 177/1074
f 75/1075 178/1076 177/1077
f 77/1078 76/1079 176/1080
f 76/1081 177/1082 176/1083
f 74/1084 77/1085 175/1086
f 77/1087 176/1088 175/1089
f 75/1090 73/1091 178/1092
f 73/1093 953/1094 178/1095
f 951/1096 74/1097 175/1098
f 158/1099 954/1100 171/1101
f 177/1102 178/1103 181/1104
f 178/1105 182/1106 181/1107
f 176/1108 177/1109 180/1110
f 177/1111 181/1112 180/1113
f 175/1114 176/1115 179/1116
f 176/1117 180/1118 179/1119
f 154/1120 157/1121 183/1122
f 157/1123 950/1124 183/1125
f 951/1126 175/1127 183/1128
f 175/1129 179/1130 183/1131
f 154/1132 183/1133 165/1134
f 183/1135 179/1136 165/1137
f 178/1138 953/1139 182/1140
f 162/1141 182/1142 953/1143
f 188/1144 603/1145 189/1146
f 603/1147 190/1148 191/1149
f 603/1150 191/1151 189/1152
f 603/1153 188/1154 597/1155
f 959/1156 187/1157 958/1158
f 187/1159 596/1160 958/1161
f 960/1162 184/1163 959/1164
f 184/1165 187/1166 959/1167
f 963/1168 185/1169 960/1170
f 185/1171 184/1172 960/1173
f 186/1174 185/1175 825/1176
f 185/1177 963/1178 825/1179
f 1030/1180 1029/1181 216/1182
f 1029/1183 215/1184 216/1185
f 1029/1186 1026/1187 215/1188
f 1026/1189 996/1190 215/1191
f 234/1192 203/1193 238/1194
f 203/1195 202/1196 238/1197
f 236/1198 261/1199 235/1200
f 261/1201 1031/1202 235/1203
f 614/1204 200/1205 622/1206
f 200/1207 208/1208 622/1209
f 200/1210 199/1211 208/1212
f 199/1213 209/1214 208/1215
f 198/1216 210/1217 199/1218
f 210/1219 209/1220 199/1221
f 197/1222 211/1223 198/1224
f 211/1225 210/1226 198/1227
f 196/1228 212/1229 197/1230
f 212/1231 211/1232 197/1233
f 196/1234 195/1235 212/1236
f 195/1237 213/1238 212/1239
f 194/1240 214/1241 195/1242
f 214/1243 213/1244 195/1245
f 606/1246 630/1247 194/1248
f 630/1249 214/1250 194/1251
f 994/1252 217/1253 637/1254
f 217/1255 640/1256 637/1257
f 227/1258 218/1259 652/1260
f 218/1261 602/1262 652/1263
f 244/1264 1015/1265 246/1266
f 1015/1267 217/1268 246/1269
f 215/1270 996/1271 641/1272
f 996/1273 638/1274 641/1275
f 234/1276 238/1277 251/1278
f 238/1279 1016/1280 251/1281
f 228/1282 221/1283 227/1284
f 221/1285 218/1286 227/1287
f 236/1288 234/1289 261/1290
f 234/1291 251/1292 261/1293
f 229/1294 222/1295 228/1296
f 222/1297 221/1298 228/1299
f 666/1300 237/1301 699/1302
f 237/1303 1032/1304 699/1305
f 230/1306 223/1307 229/1308
f 223/1309 222/1310 229/1311
f 231/1312 224/1313 230/1314
f 224/1315 223/1316 230/1317
f 232/1318 225/1319 231/1320
f 225/1321 224/1322 231/1323
f 233/1324 226/1325 232/1326
f 226/1327 225/1328 232/1329
f 220/1330 219/1331 997/1332
f 219/1333 995/1334 997/1335
f 966/1336 192/1337 643/1338
f 1007/1339 651/1340 233/1341
f 651/1342 226/1343 233/1344
f 974/1345 193/1346 973/1347
f 1003/1348 985/1349 283/1350
f 985/1351 879/1352 283/1353
f 972/1354 973/1355 193/1356
f 971/1357 972/1358 193/1359
f 644/1360 1001/1361 207/1362
f 1001/1363 999/1364 207/1365
f 971/1366 193/1367 970/1368
f 986/1369 1004/1370 984/1371
f 1004/1372 639/1373 984/1374
f 192/1375 967/1376 968/1377
f 192/1378 968/1379 969/1380
f 192/1381 966/1382 967/1383
f 192/1384 969/1385 970/1386
f 1003/1387 283/1388 1000/1389
f 283/1390 869/1391 1000/1392
f 970/1393 193/1394 192/1395
f 983/1396 660/1397 982/1398
f 660/1399 1006/1400 982/1401
f 982/1402 1006/1403 981/1404
f 1006/1405 1008/1406 981/1407
f 981/1408 1008/1409 980/1410
f 1008/1411 1009/1412 980/1413
f 980/1414 1009/1415 979/1416
f 1009/1417 1010/1418 979/1419
f 979/1420 1010/1421 978/1422
f 1010/1423 1011/1424 978/1425
f 978/1426 1011/1427 977/1428
f 1011/1429 1012/1430 977/1431
f 977/1432 1012/1433 976/1434
f 1012/1435 1013/1436 976/1437
f 976/1438 1013/1439 975/1440
f 1013/1441 1014/1442 975/1443
f 641/1444 998/1445 215/1446
f 998/1447 993/1448 215/1449
f 993/1450 992/1451 215/1452
f 992/1453 991/1454 215/1455
f 991/1456 216/1457 215/1458
f 1002/1459 998/1460 641/1461
f 990/1462 216/1463 991/1464
f 989/1465 216/1466 990/1467
f 987/1468 216/1469 989/1470
f 216/1471 987/1472 642/1473
f 642/1474 987/1475 988/1476
f 880/1477 201/1478 1015/1479
f 201/1480 217/1481 1015/1482
f 974/1483 1005/1484 193/1485
f 219/1486 220/1487 1021/1488
f 220/1489 1025/1490 1021/1491
f 1037/1492 237/1493 904/1494
f 237/1495 206/1496 904/1497
f 204/1498 236/1499 205/1500
f 236/1501 235/1502 205/1503
f 234/1504 236/1505 203/1506
f 236/1507 204/1508 203/1509
f 246/1510 217/1511 245/1512
f 217/1513 994/1514 245/1515
f 1035/1516 216/1517 1034/1518
f 216/1519 642/1520 1034/1521
f 964/1522 666/1523 965/1524
f 964/1525 237/1526 666/1527
f 961/1528 237/1529 964/1530
f 962/1531 237/1532 961/1533
f 237/1534 962/1535 206/1536
f 206/1537 962/1538 824/1539
f 244/1540 246/1541 247/1542
f 247/1543 246/1544 248/1545
f 248/1546 246/1547 249/1548
f 249/1549 246/1550 245/1551
f 335/1552 235/1553 334/1554
f 1030/1555 216/1556 342/1557
f 216/1558 340/1559 341/1560
f 335/1561 336/1562 235/1563
f 237/1564 338/1565 337/1566
f 1037/1567 339/1568 237/1569
f 235/1570 336/1571 1036/1572
f 1017/1573 1018/1574 1023/1575
f 1018/1576 254/1577 1023/1578
f 1018/1579 1019/1580 254/1581
f 1019/1582 253/1583 254/1584
f 1019/1585 1020/1586 253/1587
f 1020/1588 252/1589 253/1590
f 1020/1591 1022/1592 252/1593
f 1022/1594 250/1595 252/1596
f 1035/1597 340/1598 216/1599
f 1023/1600 254/1601 1028/1602
f 254/1603 264/1604 1028/1605
f 254/1606 253/1607 264/1608
f 253/1609 263/1610 264/1611
f 253/1612 1024/1613 263/1614
f 1024/1615 262/1616 263/1617
f 1024/1618 1027/1619 262/1620
f 1027/1621 260/1622 262/1623
f 256/1624 259/1625 260/1626
f 259/1627 262/1628 260/1629
f 259/1630 258/1631 262/1632
f 258/1633 263/1634 262/1635
f 258/1636 257/1637 263/1638
f 257/1639 264/1640 263/1641
f 257/1642 255/1643 264/1644
f 255/1645 1028/1646 264/1647
f 1032/1648 237/1649 337/1650
f 216/1651 341/1652 342/1653
f 266/1654 269/1655 1033/1656
f 269/1657 702/1658 1033/1659
f 269/1660 268/1661 702/1662
f 268/1663 701/1664 702/1665
f 268/1666 267/1667 701/1668
f 267/1669 700/1670 701/1671
f 267/1672 265/1673 700/1674
f 265/1675 698/1676 700/1677
f 237/1678 339/1679 338/1680
f 334/1681 235/1682 1031/1683
f 271/1684 274/1685 240/1686
f 274/1687 243/1688 240/1689
f 274/1690 273/1691 243/1692
f 273/1693 242/1694 243/1695
f 273/1696 272/1697 242/1698
f 272/1699 241/1700 242/1701
f 272/1702 270/1703 241/1704
f 270/1705 239/1706 241/1707
f 205/1708 235/1709 903/1710
f 235/1711 1036/1712 903/1713
f 275/1714 276/1715 277/1716
f 276/1717 278/1718 277/1719
f 1038/1720 1042/1721 1044/1722
f 1042/1723 1045/1724 1044/1725
f 1043/1726 1041/1727 282/1728
f 1041/1729 280/1730 282/1731
f 1040/1732 1039/1733 279/1734
f 1039/1735 281/1736 279/1737
f 288/1738 284/1739 293/1740
f 284/1741 291/1742 293/1743
f 289/1744 288/1745 294/1746
f 288/1747 293/1748 294/1749
f 290/1750 289/1751 295/1752
f 289/1753 294/1754 295/1755
f 292/1756 299/1757 295/1758
f 299/1759 290/1760 295/1761
f 302/1762 298/1763 1060/1764
f 297/1765 301/1766 296/1767
f 301/1768 300/1769 296/1770
f 296/1771 300/1772 292/1773
f 300/1774 299/1775 292/1776
f 302/1777 301/1778 298/1779
f 301/1780 297/1781 298/1782
f 330/1783 333/1784 329/1785
f 333/1786 332/1787 329/1788
f 329/1789 332/1790 328/1791
f 332/1792 331/1793 328/1794
f 1062/1795 319/1796 1061/1797
f 319/1798 318/1799 1061/1800
f 1054/1801 313/1802 1055/1803
f 313/1804 314/1805 1055/1806
f 1052/1807 310/1808 1053/1809
f 310/1810 312/1811 1053/1812
f 1058/1813 316/1814 1059/1815
f 316/1816 317/1817 1059/1818
f 1067/1819 286/1820 330/1821
f 286/1822 333/1823 330/1824
f 1051/1825 309/1826 1050/1827
f 309/1828 308/1829 1050/1830
f 1056/1831 311/1832 1057/1833
f 311/1834 315/1835 1057/1836
f 1049/1837 307/1838 1048/1839
f 307/1840 303/1841 1048/1842
f 1063/1843 320/1844 1062/1845
f 320/1846 319/1847 1062/1848
f 287/1849 306/1850 285/1851
f 306/1852 304/1853 285/1854
f 1061/1855 318/1856 1051/1857
f 318/1858 309/1859 1051/1860
f 1055/1861 314/1862 1056/1863
f 314/1864 311/1865 1056/1866
f 1053/1867 312/1868 1054/1869
f 312/1870 313/1871 1054/1872
f 1059/1873 317/1874 287/1875
f 317/1876 306/1877 287/1878
f 1057/1879 315/1880 1058/1881
f 315/1882 316/1883 1058/1884
f 1064/1885 321/1886 1063/1887
f 321/1888 320/1889 1063/1890
f 1050/1891 308/1892 1049/1893
f 308/1894 307/1895 1049/1896
f 1066/1897 322/1898 305/1899
f 322/1900 323/1901 305/1902
f 322/1903 324/1904 323/1905
f 324/1906 325/1907 323/1908
f 324/1909 326/1910 325/1911
f 326/1912 327/1913 325/1914
f 326/1915 761/1916 327/1917
f 761/1918 762/1919 327/1920
f 321/1921 1075/1922 1077/1923
f 321/1924 1073/1925 1075/1926
f 321/1927 1071/1928 1073/1929
f 321/1930 1070/1931 1071/1932
f 306/1933 1069/1934 304/1935
f 306/1936 1072/1937 1069/1938
f 306/1939 1074/1940 1072/1941
f 306/1942 1076/1943 1074/1944
f 1076/1945 306/1946 763/1947
f 321/1948 1077/1949 764/1950
f 302/1951 1060/1952 331/1953
f 1060/1954 328/1955 331/1956
f 1079/1957 1078/1958 1080/1959
f 285/1960 1080/1961 287/1962
f 1080/1963 1078/1964 287/1965
f 1066/1966 305/1967 1067/1968
f 305/1969 286/1970 1067/1971
f 1070/1972 321/1973 1047/1974
f 321/1975 1064/1976 1047/1977
f 1046/1978 1047/1979 1068/1980
f 1047/1981 1064/1982 1068/1983
f 1065/1984 1046/1985 1068/1986
f 256/1987 1088/1988 259/1989
f 1088/1990 345/1991 259/1992
f 259/1993 345/1994 258/1995
f 345/1996 344/1997 258/1998
f 258/1999 344/2000 257/2001
f 344/2002 343/2003 257/2004
f 257/2005 343/2006 255/2007
f 343/2008 1081/2009 255/2010
f 1082/2011 1081/2012 355/2013
f 1081/2014 343/2015 355/2016
f 343/2017 344/2018 355/2019
f 344/2020 354/2021 355/2022
f 344/2023 345/2024 354/2025
f 345/2026 353/2027 354/2028
f 1087/2029 353/2030 1088/2031
f 353/2032 345/2033 1088/2034
f 1083/2035 1082/2036 381/2037
f 352/2038 355/2039 351/2040
f 355/2041 354/2042 351/2043
f 351/2044 354/2045 350/2046
f 354/2047 353/2048 350/2049
f 350/2050 368/2051 359/2052
f 368/2053 372/2054 359/2055
f 348/2056 349/2057 358/2058
f 349/2059 359/2060 358/2061
f 347/2062 348/2063 357/2064
f 348/2065 358/2066 357/2067
f 346/2068 347/2069 356/2070
f 347/2071 357/2072 356/2073
f 1084/2074 346/2075 1086/2076
f 346/2077 356/2078 1086/2079
f 350/2080 359/2081 351/2082
f 359/2083 349/2084 351/2085
f 348/2086 362/2087 349/2088
f 362/2089 363/2090 349/2091
f 347/2092 361/2093 348/2094
f 361/2095 362/2096 348/2097
f 346/2098 360/2099 347/2100
f 360/2101 361/2102 347/2103
f 352/2104 351/2105 363/2106
f 351/2107 349/2108 363/2109
f 1084/2110 1085/2111 346/2112
f 1085/2113 360/2114 346/2115
f 268/2116 365/2117 267/2118
f 365/2119 364/2120 267/2121
f 269/2122 366/2123 268/2124
f 366/2125 365/2126 268/2127
f 1089/2128 265/2129 367/2130
f 269/2131 266/2132 366/2133
f 266/2134 1086/2135 366/2136
f 1086/2137 369/2138 366/2139
f 370/2140 365/2141 369/2142
f 365/2143 366/2144 369/2145
f 371/2146 364/2147 370/2148
f 364/2149 365/2150 370/2151
f 371/2152 372/2153 364/2154
f 372/2155 367/2156 364/2157
f 267/2158 364/2159 265/2160
f 364/2161 367/2162 265/2163
f 368/2164 1089/2165 372/2166
f 1089/2167 367/2168 372/2169
f 358/2170 359/2171 371/2172
f 359/2173 372/2174 371/2175
f 358/2176 371/2177 357/2178
f 371/2179 370/2180 357/2181
f 357/2182 370/2183 356/2184
f 370/2185 369/2186 356/2187
f 350/2188 353/2189 368/2190
f 353/2191 1087/2192 368/2193
f 1087/2194 1089/2195 368/2196
f 377/2197 363/2198 378/2199
f 363/2200 362/2201 378/2202
f 378/2203 362/2204 379/2205
f 362/2206 361/2207 379/2208
f 379/2209 361/2210 380/2211
f 361/2212 360/2213 380/2214
f 273/2215 375/2216 272/2217
f 375/2218 376/2219 272/2220
f 274/2221 374/2222 273/2223
f 374/2224 375/2225 273/2226
f 271/2227 373/2228 274/2229
f 373/2230 374/2231 274/2232
f 272/2233 376/2234 270/2235
f 376/2236 1085/2237 270/2238
f 1083/2239 373/2240 271/2241
f 356/2242 369/2243 1086/2244
f 375/2245 379/2246 376/2247
f 379/2248 380/2249 376/2250
f 374/2251 378/2252 375/2253
f 378/2254 379/2255 375/2256
f 373/2257 377/2258 374/2259
f 377/2260 378/2261 374/2262
f 352/2263 381/2264 355/2265
f 381/2266 1082/2267 355/2268
f 1083/2269 381/2270 373/2271
f 381/2272 377/2273 373/2274
f 352/2275 363/2276 381/2277
f 363/2278 377/2279 381/2280
f 376/2281 380/2282 1085/2283
f 360/2284 1085/2285 380/2286
f 387/2287 603/2288 388/2289
f 603/2290 600/2291 389/2292
f 603/2293 389/2294 388/2295
f 603/2296 387/2297 386/2298
f 1090/2299 384/2300 819/2301
f 384/2302 385/2303 819/2304
f 1091/2305 382/2306 1090/2307
f 382/2308 384/2309 1090/2310
f 1096/2311 383/2312 1091/2313
f 383/2314 382/2315 1091/2316
f 594/2317 383/2318 1095/2319
f 383/2320 1096/2321 1095/2322
f 1152/2323 1151/2324 412/2325
f 1151/2326 411/2327 412/2328
f 1151/2329 1148/2330 411/2331
f 1148/2332 1121/2333 411/2334
f 440/2335 617/2336 444/2337
f 617/2338 616/2339 444/2340
f 442/2341 463/2342 441/2343
f 463/2344 1153/2345 441/2346
f 401/2347 400/2348 402/2349
f 400/2350 403/2351 402/2352
f 400/2353 399/2354 403/2355
f 399/2356 404/2357 403/2358
f 398/2359 405/2360 399/2361
f 405/2362 404/2363 399/2364
f 397/2365 406/2366 398/2367
f 406/2368 405/2369 398/2370
f 396/2371 407/2372 397/2373
f 407/2374 406/2375 397/2376
f 396/2377 395/2378 407/2379
f 395/2380 408/2381 407/2382
f 394/2383 409/2384 395/2385
f 409/2386 408/2387 395/2388
f 393/2389 410/2390 394/2391
f 410/2392 409/2393 394/2394
f 1120/2395 413/2396 417/2397
f 413/2398 420/2399 417/2400
f 432/2401 414/2402 431/2403
f 414/2404 390/2405 431/2406
f 446/2407 1137/2408 448/2409
f 1137/2410 413/2411 448/2412
f 411/2413 1121/2414 421/2415
f 1121/2416 418/2417 421/2418
f 440/2419 444/2420 453/2421
f 444/2422 1138/2423 453/2424
f 433/2425 424/2426 432/2427
f 424/2428 414/2429 432/2430
f 442/2431 440/2432 463/2433
f 440/2434 453/2435 463/2436
f 434/2437 425/2438 433/2439
f 425/2440 424/2441 433/2442
f 445/2443 443/2444 473/2445
f 443/2446 1154/2447 473/2448
f 435/2449 426/2450 434/2451
f 426/2452 425/2453 434/2454
f 436/2455 427/2456 435/2457
f 427/2458 426/2459 435/2460
f 437/2461 428/2462 436/2463
f 428/2464 427/2465 436/2466
f 438/2467 429/2468 437/2469
f 429/2470 428/2471 437/2472
f 416/2473 415/2474 860/2475
f 415/2476 858/2477 860/2478
f 829/2479 391/2480 423/2481
f 871/2482 430/2483 438/2484
f 430/2485 429/2486 438/2487
f 837/2488 392/2489 1104/2490
f 1125/2491 1112/2492 716/2493
f 1112/2494 1135/2495 716/2496
f 1103/2497 1104/2498 392/2499
f 1102/2500 1103/2501 392/2502
f 644/2503 864/2504 621/2505
f 864/2506 1123/2507 621/2508
f 1102/2509 392/2510 1101/2511
f 1113/2512 1126/2513 847/2514
f 1126/2515 419/2516 847/2517
f 391/2518 1098/2519 1099/2520
f 391/2521 1099/2522 1100/2523
f 391/2524 829/2525 1098/2526
f 391/2527 1100/2528 1101/2529
f 1125/2530 716/2531 1124/2532
f 716/2533 1127/2534 1124/2535
f 1101/2536 392/2537 391/2538
f 846/2539 439/2540 1111/2541
f 439/2542 1128/2543 1111/2544
f 1111/2545 1128/2546 1110/2547
f 1128/2548 1129/2549 1110/2550
f 1110/2551 1129/2552 1109/2553
f 1129/2554 1130/2555 1109/2556
f 1109/2557 1130/2558 1108/2559
f 1130/2560 1131/2561 1108/2562
f 1108/2563 1131/2564 1107/2565
f 1131/2566 1132/2567 1107/2568
f 1107/2569 1132/2570 1106/2571
f 1132/2572 1133/2573 1106/2574
f 1106/2575 1133/2576 1105/2577
f 1133/2578 1134/2579 1105/2580
f 1105/2581 1134/2582 838/2583
f 1134/2584 878/2585 838/2586
f 421/2587 1122/2588 411/2589
f 1122/2590 1119/2591 411/2592
f 1119/2593 1118/2594 411/2595
f 1118/2596 1117/2597 411/2598
f 1117/2599 412/2600 411/2601
f 865/2602 1122/2603 421/2604
f 1116/2605 412/2606 1117/2607
f 1115/2608 412/2609 1116/2610
f 1114/2611 412/2612 1115/2613
f 412/2614 1114/2615 422/2616
f 422/2617 1114/2618 851/2619
f 1136/2620 615/2621 1137/2622
f 615/2623 413/2624 1137/2625
f 837/2626 868/2627 392/2628
f 415/2629 416/2630 1143/2631
f 416/2632 1147/2633 1143/2634
f 1159/2635 443/2636 1158/2637
f 443/2638 620/2639 1158/2640
f 618/2641 442/2642 619/2643
f 442/2644 441/2645 619/2646
f 440/2647 442/2648 617/2649
f 442/2650 618/2651 617/2652
f 448/2653 413/2654 447/2655
f 413/2656 1120/2657 447/2658
f 1155/2659 412/2660 900/2661
f 412/2662 422/2663 900/2664
f 1097/2665 445/2666 828/2667
f 1097/2668 443/2669 445/2670
f 1092/2671 443/2672 1097/2673
f 1093/2674 443/2675 1092/2676
f 443/2677 1093/2678 620/2679
f 620/2680 1093/2681 1094/2682
f 446/2683 448/2684 449/2685
f 449/2686 448/2687 450/2688
f 450/2689 448/2690 451/2691
f 451/2692 448/2693 447/2694
f 545/2695 441/2696 544/2697
f 1152/2698 412/2699 552/2700
f 412/2701 550/2702 551/2703
f 545/2704 546/2705 441/2706
f 443/2707 548/2708 547/2709
f 1159/2710 549/2711 443/2712
f 441/2713 546/2714 1156/2715
f 1139/2716 1140/2717 1145/2718
f 1140/2719 456/2720 1145/2721
f 1140/2722 1141/2723 456/2724
f 1141/2725 455/2726 456/2727
f 1141/2728 1142/2729 455/2730
f 1142/2731 454/2732 455/2733
f 1142/2734 1144/2735 454/2736
f 1144/2737 452/2738 454/2739
f 1155/2740 550/2741 412/2742
f 1145/2743 456/2744 1150/2745
f 456/2746 466/2747 1150/2748
f 456/2749 455/2750 466/2751
f 455/2752 465/2753 466/2754
f 455/2755 1146/2756 465/2757
f 1146/2758 464/2759 465/2760
f 1146/2761 1149/2762 464/2763
f 1149/2764 462/2765 464/2766
f 458/2767 461/2768 462/2769
f 461/2770 464/2771 462/2772
f 461/2773 460/2774 464/2775
f 460/2776 465/2777 464/2778
f 460/2779 459/2780 465/2781
f 459/2782 466/2783 465/2784
f 459/2785 457/2786 466/2787
f 457/2788 1150/2789 466/2790
f 1154/2791 443/2792 547/2793
f 412/2794 551/2795 552/2796
f 468/2797 471/2798 899/2799
f 471/2800 476/2801 899/2802
f 471/2803 470/2804 476/2805
f 470/2806 475/2807 476/2808
f 470/2809 469/2810 475/2811
f 469/2812 474/2813 475/2814
f 469/2815 467/2816 474/2817
f 467/2818 472/2819 474/2820
f 443/2821 549/2822 548/2823
f 544/2824 441/2825 1153/2826
f 478/2827 481/2828 668/2829
f 481/2830 671/2831 668/2832
f 481/2833 480/2834 671/2835
f 480/2836 670/2837 671/2838
f 480/2839 479/2840 670/2841
f 479/2842 669/2843 670/2844
f 479/2845 477/2846 669/2847
f 477/2848 667/2849 669/2850
f 619/2851 441/2852 1157/2853
f 441/2854 1156/2855 1157/2856
f 482/2857 483/2858 484/2859
f 483/2860 485/2861 484/2862
f 1160/2863 1164/2864 1166/2865
f 1164/2866 1167/2867 1166/2868
f 1165/2869 1163/2870 489/2871
f 1163/2872 487/2873 489/2874
f 1162/2875 1161/2876 486/2877
f 1161/2878 488/2879 486/2880
f 494/2881 490/2882 499/2883
f 490/2884 497/2885 499/2886
f 495/2887 494/2888 500/2889
f 494/2890 499/2891 500/2892
f 496/2893 495/2894 501/2895
f 495/2896 500/2897 501/2898
f 498/2899 505/2900 501/2901
f 505/2902 496/2903 501/2904
f 508/2905 504/2906 1182/2907
f 503/2908 507/2909 502/2910
f 507/2911 506/2912 502/2913
f 502/2914 506/2915 498/2916
f 506/2917 505/2918 498/2919
f 508/2920 507/2921 504/2922
f 507/2923 503/2924 504/2925
f 540/2926 543/2927 539/2928
f 543/2929 542/2930 539/2931
f 539/2932 542/2933 538/2934
f 542/2935 541/2936 538/2937
f 1184/2938 525/2939 1183/2940
f 525/2941 524/2942 1183/2943
f 1176/2944 519/2945 1177/2946
f 519/2947 520/2948 1177/2949
f 1174/2950 516/2951 1175/2952
f 516/2953 518/2954 1175/2955
f 1180/2956 522/2957 1181/2958
f 522/2959 523/2960 1181/2961
f 1189/2962 492/2963 540/2964
f 492/2965 543/2966 540/2967
f 1173/2968 515/2969 1172/2970
f 515/2971 514/2972 1172/2973
f 1178/2974 517/2975 1179/2976
f 517/2977 521/2978 1179/2979
f 1171/2980 513/2981 1170/2982
f 513/2983 509/2984 1170/2985
f 1185/2986 526/2987 1184/2988
f 526/2989 525/2990 1184/2991
f 493/2992 512/2993 491/2994
f 512/2995 510/2996 491/2997
f 1183/2998 524/2999 1173/3000
f 524/3001 515/3002 1173/3003
f 1177/3004 520/3005 1178/3006
f 520/3007 517/3008 1178/3009
f 1175/3010 518/3011 1176/3012
f 518/3013 519/3014 1176/3015
f 1181/3016 523/3017 493/3018
f 523/3019 512/3020 493/3021
f 1179/3022 521/3023 1180/3024
f 521/3025 522/3026 1180/3027
f 1186/3028 527/3029 1185/3030
f 527/3031 526/3032 1185/3033
f 1172/3034 514/3035 1171/3036
f 514/3037 513/3038 1171/3039
f 1188/3040 528/3041 511/3042
f 528/3043 529/3044 511/3045
f 528/3046 530/3047 529/3048
f 530/3049 531/3050 529/3051
f 530/3052 532/3053 531/3054
f 532/3055 533/3056 531/3057
f 532/3058 534/3059 533/3060
f 534/3061 535/3062 533/3063
f 527/3064 1197/3065 945/3066
f 527/3067 1195/3068 1197/3069
f 527/3070 1193/3071 1195/3072
f 527/3073 1192/3074 1193/3075
f 512/3076 1191/3077 510/3078
f 512/3079 1194/3080 1191/3081
f 512/3082 1196/3083 1194/3084
f 512/3085 944/3086 1196/3087
f 944/3088 512/3089 536/3090
f 527/3091 945/3092 537/3093
f 508/3094 1182/3095 541/3096
f 1182/3097 538/3098 541/3099
f 1199/3100 1198/3101 1200/3102
f 491/3103 1200/3104 493/3105
f 1200/3106 1198/3107 493/3108
f 1188/3109 511/3110 1189/3111
f 511/3112 492/3113 1189/3114
f 1192/3115 527/3116 1169/3117
f 527/3118 1186/3119 1169/3120
f 1168/3121 1169/3122 1190/3123
f 1169/3124 1186/3125 1190/3126
f 1187/3127 1168/3128 1190/3129
f 458/3130 1208/3131 461/3132
f 1208/3133 555/3134 461/3135
f 461/3136 555/3137 460/3138
f 555/3139 554/3140 460/3141
f 460/3142 554/3143 459/3144
f 554/3145 553/3146 459/3147
f 459/3148 553/3149 457/3150
f 553/3151 1201/3152 457/3153
f 1202/3154 1201/3155 565/3156
f 1201/3157 553/3158 565/3159
f 553/3160 554/3161 565/3162
f 554/3163 564/3164 565/3165
f 554/3166 555/3167 564/3168
f 555/3169 563/3170 564/3171
f 1207/3172 563/3173 1208/3174
f 563/3175 555/3176 1208/3177
f 1203/3178 1202/3179 591/3180
f 562/3181 565/3182 561/3183
f 565/3184 564/3185 561/3186
f 561/3187 564/3188 560/3189
f 564/3190 563/3191 560/3192
f 560/3193 578/3194 569/3195
f 578/3196 582/3197 569/3198
f 558/3199 559/3200 568/3201
f 559/3202 569/3203 568/3204
f 557/3205 558/3206 567/3207
f 558/3208 568/3209 567/3210
f 556/3211 557/3212 566/3213
f 557/3214 567/3215 566/3216
f 1204/3217 556/3218 1206/3219
f 556/3220 566/3221 1206/3222
f 560/3223 569/3224 561/3225
f 569/3226 559/3227 561/3228
f 558/3229 572/3230 559/3231
f 572/3232 573/3233 559/3234
f 557/3235 571/3236 558/3237
f 571/3238 572/3239 558/3240
f 556/3241 570/3242 557/3243
f 570/3244 571/3245 557/3246
f 562/3247 561/3248 573/3249
f 561/3250 559/3251 573/3252
f 1204/3253 1205/3254 556/3255
f 1205/3256 570/3257 556/3258
f 470/3259 575/3260 469/3261
f 575/3262 574/3263 469/3264
f 471/3265 576/3266 470/3267
f 576/3268 575/3269 470/3270
f 1209/3271 467/3272 577/3273
f 471/3274 468/3275 576/3276
f 468/3277 1206/3278 576/3279
f 1206/3280 579/3281 576/3282
f 580/3283 575/3284 579/3285
f 575/3286 576/3287 579/3288
f 581/3289 574/3290 580/3291
f 574/3292 575/3293 580/3294
f 581/3295 582/3296 574/3297
f 582/3298 577/3299 574/3300
f 469/3301 574/3302 467/3303
f 574/3304 577/3305 467/3306
f 578/3307 1209/3308 582/3309
f 1209/3310 577/3311 582/3312
f 568/3313 569/3314 581/3315
f 569/3316 582/3317 581/3318
f 568/3319 581/3320 567/3321
f 581/3322 580/3323 567/3324
f 567/3325 580/3326 566/3327
f 580/3328 579/3329 566/3330
f 560/3331 563/3332 578/3333
f 563/3334 1207/3335 578/3336
f 1207/3337 1209/3338 578/3339
f 587/3340 573/3341 588/3342
f 573/3343 572/3344 588/3345
f 588/3346 572/3347 589/3348
f 572/3349 571/3350 589/3351
f 589/3352 571/3353 590/3354
f 571/3355 570/3356 590/3357
f 480/3358 585/3359 479/3360
f 585/3361 586/3362 479/3363
f 481/3364 584/3365 480/3366
f 584/3367 585/3368 480/3369
f 478/3370 583/3371 481/3372
f 583/3373 584/3374 481/3375
f 479/3376 586/3377 477/3378
f 586/3379 1205/3380 477/3381
f 1203/3382 583/3383 478/3384
f 566/3385 579/3386 1206/3387
f 585/3388 589/3389 586/3390
f 589/3391 590/3392 586/3393
f 584/3394 588/3395 585/3396
f 588/3397 589/3398 585/3399
f 583/3400 587/3401 584/3402
f 587/3403 588/3404 584/3405
f 562/3406 591/3407 565/3408
f 591/3409 1202/3410 565/3411
f 1203/3412 591/3413 583/3414
f 591/3415 587/3416 583/3417
f 562/3418 573/3419 591/3420
f 573/3421 587/3422 591/3423
f 586/3424 590/3425 1205/3426
f 570/3427 1205/3428 590/3429
f 598/3430 599/3431 603/3432
f 603/3433 601/3434 600/3435
f 603/3436 599/3437 601/3438
f 603/3439 597/3440 598/3441
f 1210/3442 958/3443 595/3444
f 958/3445 596/3446 595/3447
f 1211/3448 1210/3449 592/3450
f 1210/3451 595/3452 592/3453
f 1214/3454 1211/3455 593/3456
f 1211/3457 592/3458 593/3459
f 594/3460 1095/3461 593/3462
f 1095/3463 1214/3464 593/3465
f 1267/3466 632/3467 1266/3468
f 632/3469 631/3470 1266/3471
f 1266/3472 631/3473 1263/3474
f 631/3475 1239/3476 1263/3477
f 661/3478 665/3479 617/3480
f 665/3481 616/3482 617/3483
f 663/3484 662/3485 689/3486
f 662/3487 1268/3488 689/3489
f 614/3490 622/3491 613/3492
f 622/3493 623/3494 613/3495
f 613/3496 623/3497 612/3498
f 623/3499 624/3500 612/3501
f 611/3502 612/3503 625/3504
f 612/3505 624/3506 625/3507
f 610/3508 611/3509 626/3510
f 611/3511 625/3512 626/3513
f 609/3514 610/3515 627/3516
f 610/3517 626/3518 627/3519
f 609/3520 627/3521 608/3522
f 627/3523 628/3524 608/3525
f 607/3526 608/3527 629/3528
f 608/3529 628/3530 629/3531
f 606/3532 607/3533 630/3534
f 607/3535 629/3536 630/3537
f 1238/3538 637/3539 633/3540
f 637/3541 640/3542 633/3543
f 653/3544 652/3545 634/3546
f 652/3547 602/3548 634/3549
f 672/3550 674/3551 1252/3552
f 674/3553 633/3554 1252/3555
f 631/3556 641/3557 1239/3558
f 641/3559 638/3560 1239/3561
f 661/3562 679/3563 665/3564
f 679/3565 1253/3566 665/3567
f 654/3568 653/3569 645/3570
f 653/3571 634/3572 645/3573
f 663/3574 689/3575 661/3576
f 689/3577 679/3578 661/3579
f 655/3580 654/3581 646/3582
f 654/3583 645/3584 646/3585
f 666/3586 699/3587 664/3588
f 699/3589 1269/3590 664/3591
f 656/3592 655/3593 647/3594
f 655/3595 646/3596 647/3597
f 657/3598 656/3599 648/3600
f 656/3601 647/3602 648/3603
f 658/3604 657/3605 649/3606
f 657/3607 648/3608 649/3609
f 659/3610 658/3611 650/3612
f 658/3613 649/3614 650/3615
f 636/3616 997/3617 635/3618
f 997/3619 995/3620 635/3621
f 966/3622 643/3623 604/3624
f 1007/3625 659/3626 651/3627
f 659/3628 650/3629 651/3630
f 974/3631 1222/3632 605/3633
f 1243/3634 716/3635 1230/3636
f 716/3637 1135/3638 1230/3639
f 1221/3640 605/3641 1222/3642
f 1220/3643 605/3644 1221/3645
f 644/3646 621/3647 1001/3648
f 621/3649 1241/3650 1001/3651
f 1220/3652 1219/3653 605/3654
f 1231/3655 984/3656 1244/3657
f 984/3658 639/3659 1244/3660
f 604/3661 1217/3662 1216/3663
f 604/3664 1218/3665 1217/3666
f 604/3667 1216/3668 966/3669
f 604/3670 1219/3671 1218/3672
f 1243/3673 1242/3674 716/3675
f 1242/3676 1127/3677 716/3678
f 1219/3679 604/3680 605/3681
f 983/3682 1229/3683 660/3684
f 1229/3685 1245/3686 660/3687
f 1229/3688 1228/3689 1245/3690
f 1228/3691 1246/3692 1245/3693
f 1228/3694 1227/3695 1246/3696
f 1227/3697 1247/3698 1246/3699
f 1227/3700 1226/3701 1247/3702
f 1226/3703 1248/3704 1247/3705
f 1226/3706 1225/3707 1248/3708
f 1225/3709 1249/3710 1248/3711
f 1225/3712 1224/3713 1249/3714
f 1224/3715 1250/3716 1249/3717
f 1224/3718 1223/3719 1250/3720
f 1223/3721 1251/3722 1250/3723
f 1223/3724 975/3725 1251/3726
f 975/3727 1014/3728 1251/3729
f 641/3730 631/3731 1240/3732
f 1240/3733 631/3734 1237/3735
f 1237/3736 631/3737 1236/3738
f 1236/3739 631/3740 1235/3741
f 1235/3742 631/3743 632/3744
f 1002/3745 641/3746 1240/3747
f 1234/3748 1235/3749 632/3750
f 1233/3751 1234/3752 632/3753
f 1232/3754 1233/3755 632/3756
f 632/3757 642/3758 1232/3759
f 642/3760 988/3761 1232/3762
f 1136/3763 1252/3764 615/3765
f 1252/3766 633/3767 615/3768
f 974/3769 605/3770 1005/3771
f 635/3772 1258/3773 636/3774
f 1258/3775 1262/3776 636/3777
f 1272/3778 1158/3779 664/3780
f 1158/3781 620/3782 664/3783
f 618/3784 619/3785 663/3786
f 619/3787 662/3788 663/3789
f 661/3790 617/3791 663/3792
f 617/3793 618/3794 663/3795
f 674/3796 673/3797 633/3798
f 673/3799 1238/3800 633/3801
f 1270/3802 1034/3803 632/3804
f 1034/3805 642/3806 632/3807
f 1215/3808 965/3809 666/3810
f 1215/3811 666/3812 664/3813
f 1212/3814 1215/3815 664/3816
f 1213/3817 1212/3818 664/3819
f 664/3820 620/3821 1213/3822
f 620/3823 1094/3824 1213/3825
f 672/3826 675/3827 674/3828
f 675/3829 676/3830 674/3831
f 676/3832 677/3833 674/3834
f 677/3835 673/3836 674/3837
f 772/3838 771/3839 662/3840
f 1267/3841 779/3842 632/3843
f 632/3844 778/3845 777/3846
f 772/3847 662/3848 773/3849
f 664/3850 774/3851 775/3852
f 1272/3853 664/3854 776/3855
f 662/3856 1271/3857 773/3858
f 1254/3859 1260/3860 1255/3861
f 1260/3862 682/3863 1255/3864
f 1255/3865 682/3866 1256/3867
f 682/3868 681/3869 1256/3870
f 1256/3871 681/3872 1257/3873
f 681/3874 680/3875 1257/3876
f 1257/3877 680/3878 1259/3879
f 680/3880 678/3881 1259/3882
f 1270/3883 632/3884 777/3885
f 1260/3886 1265/3887 682/3888
f 1265/3889 692/3890 682/3891
f 682/3892 692/3893 681/3894
f 692/3895 691/3896 681/3897
f 681/3898 691/3899 1261/3900
f 691/3901 690/3902 1261/3903
f 1261/3904 690/3905 1264/3906
f 690/3907 688/3908 1264/3909
f 684/3910 688/3911 687/3912
f 688/3913 690/3914 687/3915
f 687/3916 690/3917 686/3918
f 690/3919 691/3920 686/3921
f 686/3922 691/3923 685/3924
f 691/3925 692/3926 685/3927
f 685/3928 692/3929 683/3930
f 692/3931 1265/3932 683/3933
f 1269/3934 774/3935 664/3936
f 632/3937 779/3938 778/3939
f 694/3940 1033/3941 697/3942
f 1033/3943 702/3944 697/3945
f 697/3946 702/3947 696/3948
f 702/3949 701/3950 696/3951
f 696/3952 701/3953 695/3954
f 701/3955 700/3956 695/3957
f 695/3958 700/3959 693/3960
f 700/3961 698/3962 693/3963
f 664/3964 775/3965 776/3966
f 771/3967 1268/3968 662/3969
f 704/3970 668/3971 707/3972
f 668/3973 671/3974 707/3975
f 707/3976 671/3977 706/3978
f 671/3979 670/3980 706/3981
f 706/3982 670/3983 705/3984
f 670/3985 669/3986 705/3987
f 705/3988 669/3989 703/3990
f 669/3991 667/3992 703/3993
f 619/3994 1157/3995 662/3996
f 1157/3997 1271/3998 662/3999
f 708/4000 710/4001 709/4002
f 710/4003 711/4004 709/4005
f 1273/4006 1279/4007 1277/4008
f 1279/4009 1280/4010 1277/4011
f 1278/4012 715/4013 1276/4014
f 715/4015 713/4016 1276/4017
f 1275/4018 712/4019 1274/4020
f 712/4021 714/4022 1274/4023
f 721/4024 726/4025 717/4026
f 726/4027 724/4028 717/4029
f 722/4030 727/4031 721/4032
f 727/4033 726/4034 721/4035
f 723/4036 728/4037 722/4038
f 728/4039 727/4040 722/4041
f 725/4042 728/4043 732/4044
f 728/4045 723/4046 732/4047
f 735/4048 1295/4049 731/4050
f 730/4051 729/4052 734/4053
f 729/4054 733/4055 734/4056
f 729/4057 725/4058 733/4059
f 725/4060 732/4061 733/4062
f 735/4063 731/4064 734/4065
f 731/4066 730/4067 734/4068
f 767/4069 766/4070 770/4071
f 766/4072 769/4073 770/4074
f 766/4075 765/4076 769/4077
f 765/4078 768/4079 769/4080
f 1297/4081 1296/4082 752/4083
f 1296/4084 751/4085 752/4086
f 1289/4087 1290/4088 746/4089
f 1290/4090 747/4091 746/4092
f 1287/4093 1288/4094 743/4095
f 1288/4096 745/4097 743/4098
f 1293/4099 1294/4100 749/4101
f 1294/4102 750/4103 749/4104
f 1302/4105 767/4106 719/4107
f 767/4108 770/4109 719/4110
f 1286/4111 1285/4112 742/4113
f 1285/4114 741/4115 742/4116
f 1291/4117 1292/4118 744/4119
f 1292/4120 748/4121 744/4122
f 1284/4123 1283/4124 740/4125
f 1283/4126 736/4127 740/4128
f 1298/4129 1297/4130 753/4131
f 1297/4132 752/4133 753/4134
f 720/4135 718/4136 739/4137
f 718/4138 737/4139 739/4140
f 1296/4141 1286/4142 751/4143
f 1286/4144 742/4145 751/4146
f 1290/4147 1291/4148 747/4149
f 1291/4150 744/4151 747/4152
f 1288/4153 1289/4154 745/4155
f 1289/4156 746/4157 745/4158
f 1294/4159 720/4160 750/4161
f 720/4162 739/4163 750/4164
f 1292/4165 1293/4166 748/4167
f 1293/4168 749/4169 748/4170
f 1299/4171 1298/4172 754/4173
f 1298/4174 753/4175 754/4176
f 1285/4177 1284/4178 741/4179
f 1284/4180 740/4181 741/4182
f 1301/4183 738/4184 755/4185
f 738/4186 756/4187 755/4188
f 755/4189 756/4190 757/4191
f 756/4192 758/4193 757/4194
f 757/4195 758/4196 759/4197
f 758/4198 760/4199 759/4200
f 759/4201 760/4202 761/4203
f 760/4204 762/4205 761/4206
f 754/4207 1077/4208 1310/4209
f 754/4210 1310/4211 1308/4212
f 754/4213 1308/4214 1306/4215
f 754/4216 1306/4217 1305/4218
f 739/4219 737/4220 1304/4221
f 739/4222 1304/4223 1307/4224
f 739/4225 1307/4226 1309/4227
f 739/4228 1309/4229 1076/4230
f 1076/4231 763/4232 739/4233
f 754/4234 764/4235 1077/4236
f 735/4237 768/4238 1295/4239
f 768/4240 765/4241 1295/4242
f 1312/4243 1313/4244 1311/4245
f 718/4246 720/4247 1313/4248
f 720/4249 1311/4250 1313/4251
f 1301/4252 1302/4253 738/4254
f 1302/4255 719/4256 738/4257
f 1305/4258 1282/4259 754/4260
f 1282/4261 1299/4262 754/4263
f 1281/4264 1303/4265 1282/4266
f 1303/4267 1299/4268 1282/4269
f 1300/4270 1303/4271 1281/4272
f 684/4273 687/4274 1321/4275
f 687/4276 782/4277 1321/4278
f 687/4279 686/4280 782/4281
f 686/4282 781/4283 782/4284
f 686/4285 685/4286 781/4287
f 685/4288 780/4289 781/4290
f 685/4291 683/4292 780/4293
f 683/4294 1314/4295 780/4296
f 1315/4297 792/4298 1314/4299
f 792/4300 780/4301 1314/4302
f 780/4303 792/4304 781/4305
f 792/4306 791/4307 781/4308
f 781/4309 791/4310 782/4311
f 791/4312 790/4313 782/4314
f 1320/4315 1321/4316 790/4317
f 1321/4318 782/4319 790/4320
f 1316/4321 818/4322 1315/4323
f 789/4324 788/4325 792/4326
f 788/4327 791/4328 792/4329
f 788/4330 787/4331 791/4332
f 787/4333 790/4334 791/4335
f 787/4336 796/4337 805/4338
f 796/4339 809/4340 805/4341
f 785/4342 795/4343 786/4344
f 795/4345 796/4346 786/4347
f 784/4348 794/4349 785/4350
f 794/4351 795/4352 785/4353
f 783/4354 793/4355 784/4356
f 793/4357 794/4358 784/4359
f 1317/4360 1319/4361 783/4362
f 1319/4363 793/4364 783/4365
f 787/4366 788/4367 796/4368
f 788/4369 786/4370 796/4371
f 785/4372 786/4373 799/4374
f 786/4375 800/4376 799/4377
f 784/4378 785/4379 798/4380
f 785/4381 799/4382 798/4383
f 783/4384 784/4385 797/4386
f 784/4387 798/4388 797/4389
f 789/4390 800/4391 788/4392
f 800/4393 786/4394 788/4395
f 1317/4396 783/4397 1318/4398
f 783/4399 797/4400 1318/4401
f 696/4402 695/4403 802/4404
f 695/4405 801/4406 802/4407
f 697/4408 696/4409 803/4410
f 696/4411 802/4412 803/4413
f 1322/4414 804/4415 693/4416
f 697/4417 803/4418 694/4419
f 803/4420 1319/4421 694/4422
f 1319/4423 803/4424 806/4425
f 807/4426 806/4427 802/4428
f 806/4429 803/4430 802/4431
f 808/4432 807/4433 801/4434
f 807/4435 802/4436 801/4437
f 808/4438 801/4439 809/4440
f 801/4441 804/4442 809/4443
f 695/4444 693/4445 801/4446
f 693/4447 804/4448 801/4449
f 805/4450 809/4451 1322/4452
f 809/4453 804/4454 1322/4455
f 795/4456 808/4457 796/4458
f 808/4459 809/4460 796/4461
f 795/4462 794/4463 808/4464
f 794/4465 807/4466 808/4467
f 794/4468 793/4469 807/4470
f 793/4471 806/4472 807/4473
f 787/4474 805/4475 790/4476
f 805/4477 1320/4478 790/4479
f 1320/4480 805/4481 1322/4482
f 814/4483 815/4484 800/4485
f 815/4486 799/4487 800/4488
f 815/4489 816/4490 799/4491
f 816/4492 798/4493 799/4494
f 816/4495 817/4496 798/4497
f 817/4498 797/4499 798/4500
f 706/4501 705/4502 812/4503
f 705/4504 813/4505 812/4506
f 707/4507 706/4508 811/4509
f 706/4510 812/4511 811/4512
f 704/4513 707/4514 810/4515
f 707/4516 811/4517 810/4518
f 705/4519 703/4520 813/4521
f 703/4522 1318/4523 813/4524
f 1316/4525 704/4526 810/4527
f 793/4528 1319/4529 806/4530
f 812/4531 813/4532 816/4533
f 813/4534 817/4535 816/4536
f 811/4537 812/4538 815/4539
f 812/4540 816/4541 815/4542
f 810/4543 811/4544 814/4545
f 811/4546 815/4547 814/4548
f 789/4549 792/4550 818/4551
f 792/4552 1315/4553 818/4554
f 1316/4555 810/4556 818/4557
f 810/4558 814/4559 818/4560
f 789/4561 818/4562 800/4563
f 818/4564 814/4565 800/4566
f 813/4567 1318/4568 817/4569
f 797/4570 817/4571 1318/4572
o Part.2
v -3.275 7.531 0.003
v -3.262 7.6 -0.347
v -3.228 7.795 -0.644
v -3.175 8.087 -0.842
v -3.114 8.432 -0.912
v -3.053 8.776 -0.842
v -3.001 9.069 -0.644
v -2.966 9.264 -0.347
v -2.954 9.333 0.003
v -2.966 9.264 0.353
v -3.001 9.069 0.65
v -3.053 8.776 0.848
v -3.114 8.432 0.918
v -7.075 9.24 2.605
v -7.743 7.083 2.652
v -8.341 7.342 2.555
v -7.724 9.564 2.317
v -8.785 7.602 2.242
v -9.234 7.824 1.74
v -8.241 9.821 1.74
v -8.499 9.949 1.015
v -9.492 7.954 1.015
v -8.152 10.695 0.544
v -8.424 10.134 0.987
v -8.204 10.588 0.696
v -8.114 10.775 0.374
v -7.802 10.889 1.163
v -7.625 11.292 0.003
v -7.642 11.272 0.317
v -8.09 10.823 0.192
v -8.083 10.834 0.003
v -7.675 11.193 0.621
v -7.729 11.065 0.907
v -7.894 10.671 1.385
v -8.343 10.302 0.922
v -8.268 10.456 0.823
v -6.697 10.616 2.139
v -6.814 10.193 2.389
v -6.942 9.73 2.551
v -7.587 9.985 2.246
v -8.001 10.415 1.56
v -8.121 10.131 1.683
v -6.403 11.669 0.003
v -7.038 11.588 0.003
v -6.416 11.64 0.498
v -6.452 11.504 0.976
v -6.514 11.282 1.418
v -6.596 10.984 1.812
v -7.053 11.559 0.424
v -7.089 11.451 0.833
v -7.15 11.272 1.215
v -7.232 11.029 1.559
v -7.335 10.728 1.853
v -7.454 10.377 2.085
v -7.724 9.564 -2.312
v -7.642 11.272 -0.311
v -8.424 10.134 -0.981
v -8.121 10.131 -1.677
v -8.241 9.821 -1.735
v -8.499 9.949 -1.009
v -7.894 10.671 -1.379
v -8.343 10.302 -0.916
v -8.001 10.415 -1.554
v -8.268 10.456 -0.817
v -7.802 10.889 -1.158
v -7.729 11.065 -0.901
v -7.674 11.194 -0.616
v -8.204 10.588 -0.69
v -8.152 10.695 -0.539
v -8.09 10.823 -0.187
v -8.114 10.774 -0.369
v -6.596 10.984 -1.806
v -6.514 11.282 -1.413
v -6.452 11.504 -0.97
v -6.416 11.64 -0.492
v -7.075 9.241 -2.599
v -6.942 9.729 -2.546
v -6.814 10.193 -2.384
v -6.697 10.616 -2.133
v -7.587 9.985 -2.24
v -7.454 10.377 -2.079
v -7.335 10.728 -1.847
v -7.053 11.559 -0.419
v -7.089 11.451 -0.827
v -7.15 11.272 -1.209
v -7.232 11.029 -1.554
v -7.446 9.203 0.003
v -7.559 8.566 0.65
v -7.507 8.859 0.848
v -7.446 9.203 0.918
v -7.385 9.548 0.848
v -7.332 9.84 0.65
v -7.298 10.035 0.353
v -7.285 10.104 0.003
v -7.298 10.035 -0.347
v -7.332 9.84 -0.644
v -7.385 9.548 -0.842
v -7.446 9.203 -0.912
v -7.507 8.859 -0.842
v -7.559 8.566 -0.644
v -7.594 8.371 -0.347
v -7.606 8.302 0.003
v -7.594 8.371 0.353
v -9.468 8.001 -1.009
v -9.244 7.889 -1.619
v -8.76 7.649 -2.186
v -8.232 7.386 -2.47
v -7.719 7.132 -2.647
v -10.316 6.317 1.011
v -10.451 6.06 -0.997
v -9.919 7.137 -1.004
v -10.658 5.571 1.051
v -9.167 5.932 2.531
v -9.646 6.096 2.222
v -9.9 5.466 2.268
v -10.089 6.256 1.667
v -10.389 5.57 1.717
v -8.769 5.815 2.652
v -9.678 7.063 1.686
v -9.229 6.859 2.247
v -8.797 6.661 2.484
v -9.91 7.154 1.008
v -8.32 6.45 2.653
v -6.174 9.502 2.6
v -6.297 8.852 2.653
v -6.678 8.294 2.653
v -7.224 7.613 2.652
v -6.31 8.905 -2.644
v -6.192 9.401 -2.605
v -6.099 9.919 -2.466
v -6.017 10.384 -2.231
v -5.886 11.119 -1.533
v -5.944 10.792 -1.907
v -5.81 11.544 -0.513
v -5.836 11.397 -1.009
v -5.801 11.593 0.002
v -5.81 11.542 0.518
v -5.837 11.395 1.013
v -5.936 10.836 1.875
v -5.876 11.173 1.441
v -6.013 10.404 2.231
v -6.087 9.99 2.449
v -6.668 8.3 -2.647
v -7.224 7.637 -2.647
v -10.177 6.106 -1.585
v -9.261 6.853 -2.158
v -8.377 6.43 -2.647
v -8.73 6.601 -2.508
v -8.929 5.435 -2.647
v -9.84 5.914 -2.102
v -9.285 5.619 -2.499
v -9.675 7.039 -1.639
v -8.966 5.231 2.669
v -10.48 5.074 1.959
v -11.045 4.099 2.068
v -10.871 4.841 1.372
v -9.014 4.959 2.736
v -9.5 5.051 2.603
v -9.851 5.104 2.476
v -9.367 5.362 2.574
v -10.537 4.475 2.527
v -7.349 6.992 2.573
v -8.049 5.688 2.473
v -7.742 6.334 2.514
v -6.532 7.492 1.946
v -6.643 6.866 1.52
v -6.722 6.881 1.936
v -6.771 6.151 1.114
v -7.443 5.582 2.091
v -7.229 6.243 2.185
v -6.879 6.18 1.644
v -7.022 5.507 1.44
v -7.158 4.806 1.388
v -6.99 4.917 0.999
v -6.878 5.548 0.969
v -6.97 6.925 2.321
v -6.581 7.497 2.21
v -6.417 8.244 2.479
v -6.478 8.255 2.572
v -6.734 7.524 2.447
v -6.398 8.241 2.377
v -6.57 8.271 2.633
v -6.968 7.567 2.604
v -7.54 5.14 -2.05
v -7.284 6.115 -2.148
v -6.965 6.956 -2.315
v -7.343 7.022 -2.568
v -8.249 5.235 -2.546
v -7.104 4.993 -1.354
v -6.568 8.282 -2.628
v -6.718 6.904 -2.052
v -6.577 7.52 -2.251
v -6.965 7.588 -2.598
v -6.731 7.545 -2.442
v -6.415 8.255 -2.473
v -6.644 6.889 -1.903
v -6.524 7.538 -2.135
v -6.395 8.258 -2.392
v -6.476 8.266 -2.566
v -6.911 6.05 -1.766
v -7.019 4.758 -1.081
v -6.796 6.006 -1.566
v -7.819 6.246 -2.561
v -8.99 5.088 -2.622
v -9.473 5.297 -2.461
v -9.131 4.304 -2.313
v -9.07 4.647 -2.495
v -9.186 3.996 -2.061
v -10.472 5.475 -1.316
v -10.425 5.621 -1.423
v -10.286 5.92 -1.549
v -9.974 5.679 -2.065
v -9.799 4.409 -1.962
v -10.308 4.992 -1.67
v -9.611 4.982 -2.353
v -10.225 5.195 -1.85
v -9.717 4.685 -2.191
v -10.358 5.766 -1.503
v -10.119 5.417 -1.974
v -10.743 5.385 -0.315
v -11.289 3.593 1.527
v -9.072 4.635 2.942
v -9.844 4.663 2.834
v -8.338 4.395 2.834
v -7.753 3.979 2.527
v -7.406 3.451 2.068
v -7.351 2.892 1.527
v -7.136 4.097 1.306
v -7.585 4.921 2.076
v -8.21 5.077 2.488
v -8.267 4.756 2.571
v -7.289 4.155 1.557
v -7.662 4.487 2.188
v -7.209 4.714 -1.346
v -7.613 4.703 -1.969
v -7.214 4.529 -1.191
v -7.666 4.409 -1.834
v -7.722 4.154 -1.65
v -8.38 4.19 -2.184
v -8.42 3.932 -1.99
v -8.36 4.463 -2.355
v -8.319 4.923 -2.51
v -9.948 3.881 -1.496
v -9.269 3.528 -1.587
v -10.157 2.876 -0.494
v -11.06 4.344 0.75
v -11.002 3.841 0.221
v -10.7 3.314 -0.211
v -10.701 4.948 -0.796
v -10.492 4.441 -1.185
v -9.44 2.57 -0.612
v -9.568 1.85 0.113
v -10.302 2.09 0.221
v -11.234 3.034 0.986
v -10.888 2.506 0.527
v -8.879 5.721 -0.99
v -9.18 6.537 -0.239
v -9.578 6.429 -0.415
v -9.87 6.213 -0.679
v -10.011 5.922 -0.99
v -9.979 5.601 -1.301
v -9.78 5.297 -1.565
v -9.444 5.059 -1.741
v -9.021 4.92 -1.803
v -8.577 4.904 -1.741
v -8.179 5.012 -1.565
v -7.888 5.228 -1.301
v -7.747 5.519 -0.99
v -7.779 5.841 -0.679
v -7.978 6.144 -0.415
v -8.314 6.383 -0.239
v -8.736 6.521 -0.177
v -9.455 2.484 3.924
v -9.033 2.345 3.862
v -8.697 2.106 3.686
v -8.498 1.803 3.422
v -8.466 1.481 3.111
v -8.607 1.19 2.8
v -8.898 0.974 2.536
v -9.296 0.866 2.36
v -9.74 0.882 2.298
v -10.163 1.021 2.36
v -10.499 1.26 2.536
v -10.698 1.563 2.8
v -10.73 1.885 3.111
v -10.589 2.175 3.422
v -10.297 2.391 3.686
v -9.899 2.499 3.862
v -9.35 3.075 4.525
v -8.616 2.835 4.418
v -8.03 2.419 4.111
v -7.684 1.891 3.652
v -7.629 1.332 3.111
v -7.873 0.826 2.57
v -8.381 0.451 2.111
v -9.074 0.262 1.804
v -9.846 0.291 1.697
v -10.58 0.531 1.804
v -11.165 0.947 2.111
v -11.512 1.474 2.57
v -11.567 2.034 3.111
v -11.322 2.54 3.652
v -10.815 2.915 4.111
v -10.122 3.104 4.418
v -7.596 2.386 0.986
v -8.103 2.01 0.527
v -8.796 1.822 0.221
v -7.115 4.219 -0.529
v -7.297 4.061 -0.716
v -7.805 3.686 -1.175
v -7.286 3.257 0.449
v -8.498 3.497 -1.481
v -7.976 2.724 -0.197
v -7.468 3.099 0.262
v -8.669 2.535 -0.504
v -6.031 10.306 -1.331
v -5.959 10.71 -0.72
v -5.933 10.852 0.003
v -5.959 10.709 0.726
v -6.031 10.306 1.337
v -6.138 9.704 1.747
v -6.265 8.993 1.891
v -6.391 8.281 1.747
v -6.498 7.679 1.337
v -6.57 7.276 0.725
v -6.596 7.134 0.003
v -6.57 7.276 -0.72
v -6.499 7.678 -1.332
v -6.391 8.281 -1.741
v -6.265 8.993 -1.885
v -6.138 9.704 -1.741
v -5.046 10.131 -1.331
v -4.974 10.534 -0.72
v -4.949 10.676 0.003
v -4.974 10.534 0.726
v -5.046 10.131 1.337
v -5.153 9.529 1.747
v -5.28 8.817 1.891
v -5.407 8.106 1.747
v -5.586 7.101 0.725
v -5.611 6.959 0.003
v -5.586 7.101 -0.72
v -5.514 7.503 -1.332
v -5.407 8.106 -1.741
v -5.28 8.817 -1.885
v -5.153 9.529 -1.741
v -8.498 9.949 0.003
v -5.027 10.238 1.446
v -4.46 10.127 1.435
v -3.384 9.77 1.274
v -2.929 9.473 1.061
v -4.949 10.674 0.784
v -4.383 10.559 0.779
v -3.315 10.154 0.69
v -2.872 9.793 0.575
v -4.922 10.827 0.002
v -4.356 10.711 0.003
v -3.291 10.289 0.003
v -2.852 9.905 0.003
v -4.949 10.674 -0.779
v -4.383 10.559 -0.773
v -3.315 10.154 -0.684
v -2.872 9.792 -0.57
v -5.027 10.239 -1.441
v -4.46 10.127 -1.43
v -3.384 9.77 -1.268
v -2.929 9.473 -1.055
v -5.143 9.587 -1.883
v -4.575 9.48 -1.869
v -3.486 9.196 -1.657
v -3.014 8.995 -1.38
v -5.28 8.817 -2.039
v -4.711 8.716 -2.024
v -3.606 8.519 -1.795
v -3.114 8.432 -1.493
v -5.417 8.048 -1.883
v -4.847 7.952 -1.869
v -3.727 7.843 -1.657
v -3.214 7.869 -1.38
v -5.533 7.396 -1.441
v -4.962 7.306 -1.43
v -3.829 7.268 -1.268
v -3.3 7.39 -1.055
v -5.611 6.961 -0.779
v -5.039 6.873 -0.773
v -3.897 6.885 -0.684
v -3.356 7.071 -0.569
v -5.638 6.807 0.003
v -5.066 6.721 0.003
v -3.921 6.75 0.003
v -3.376 6.959 0.003
v -5.611 6.961 0.784
v -5.039 6.873 0.779
v -3.897 6.885 0.69
v -3.356 7.071 0.575
v -5.417 8.048 1.889
v -4.847 7.952 1.875
v -3.727 7.843 1.663
v -3.215 7.868 1.385
v -5.28 8.817 2.044
v -4.711 8.716 2.029
v -3.606 8.519 1.8
v -3.114 8.432 1.499
v -5.143 9.587 1.889
v -4.575 9.48 1.875
v -3.486 9.196 1.663
v -3.014 8.995 1.385
v -3.903 9.99 1.399
v -3.828 10.41 0.758
v -3.802 10.559 0.002
v -3.828 10.411 -0.752
v -3.903 9.99 -1.393
v -4.015 9.359 -1.82
v -4.148 8.616 -1.971
v -4.28 7.872 -1.82
v -4.393 7.242 -1.393
v -4.467 6.821 -0.752
v -4.494 6.672 0.003
v -4.467 6.821 0.758
v -4.28 7.872 1.826
v -4.148 8.615 1.976
v -4.015 9.359 1.826
v -3.262 7.6 0.353
v -5.237 7.952 0.353
v -5.367 7.989 0.375
v -5.47 8.051 0.44
v -5.534 8.129 0.536
v -5.547 8.208 0.65
v -5.5 8.315 0.725
v -5.409 8.397 0.791
v -5.286 8.439 0.833
v -5.15 8.439 0.848
v -3.175 8.087 0.848
v -3.334 7.195 0.764
v -3.864 7.073 0.977
v -4.427 7.047 1.102
v -4.997 7.111 1.138
v -5.376 7.17 1.146
v -5.506 7.206 1.171
v -5.561 7.239 1.206
v -5.542 7.346 1.097
v -5.591 7.375 1.127
v -5.654 7.451 1.224
v -5.668 7.531 1.337
v -5.621 7.638 1.414
v -5.529 7.72 1.478
v -5.472 7.74 1.498
v -5.491 7.633 1.607
v -5.426 7.656 1.628
v -5.289 7.658 1.641
v -4.91 7.598 1.633
v -4.34 7.534 1.597
v -3.777 7.561 1.471
v -3.247 7.683 1.259
v -7.28 3.29 1.932
v -7.567 1.68 3.465
v -7.691 0.984 2.758
v -7.413 2.544 1.174
v -7.224 3.607 0.801
v -7.119 4.196 0.203
v -8.916 8.463 1.74
v -7.937 7.948 2.572
v -8.457 8.211 2.264
v -9.178 8.583 1.015
v -9.183 8.573 -1.01
v -8.949 8.459 -1.653
v -8.451 8.22 -2.225
v -7.881 7.949 -2.509
v -8.777 9.39 -0.007
v -8.088 8.891 -2.268
v -8.755 9.433 1.015
v -8.583 9.163 -1.696
v -8.798 9.346 -1.01
v -7.466 8.613 -2.555
v -8.535 9.23 1.74
v -7.485 8.627 2.589
v -8.753 9.435 1.015
v -8.071 8.924 2.292
v -5.81 11.544 -0.513
v -5.836 11.397 -1.009
v -6.524 7.538 -2.135
v -6.395 8.258 -2.392
v -7.606 8.302 0.003
v -7.594 8.371 -0.347
v -7.559 8.566 -0.644
v -7.507 8.859 -0.842
v -7.446 9.203 -0.912
v -7.385 9.548 -0.842
v -5.547 8.208 0.65
v -5.5 8.315 0.725
v -7.332 9.84 0.65
v -7.385 9.548 0.848
v -7.298 10.035 0.353
v -7.446 9.203 0.918
v -7.507 8.859 0.848
v -7.285 10.104 0.003
v -7.298 10.035 -0.347
v -7.332 9.84 -0.644
v -7.594 8.371 0.353
v -5.801 11.593 0.002
v -5.81 11.542 0.518
v -6.796 6.006 -1.566
v -6.644 6.889 -1.903
v -5.886 11.119 -1.533
v -5.944 10.792 -1.907
v -6.017 10.384 -2.231
v -6.099 9.919 -2.466
v -6.643 6.866 1.52
v -6.771 6.151 1.114
v -6.532 7.492 1.946
v -3.053 8.776 -0.842
v -3.001 9.069 -0.644
v -6.398 8.241 2.377
v -6.297 8.852 2.653
v -7.559 8.566 0.65
v -2.966 9.264 -0.347
v -2.954 9.333 0.003
v -2.966 9.264 0.353
v -5.876 11.173 1.441
v -5.837 11.395 1.013
v -3.053 8.776 0.848
v -3.114 8.432 0.918
v -3.001 9.069 0.65
v -6.192 9.401 -2.605
v -6.174 9.502 2.6
v -7.747 5.519 -0.99
v -7.779 5.841 -0.679
v -9.18 6.537 -0.239
v -9.578 6.429 -0.415
v -3.175 8.087 -0.842
v -3.114 8.432 -0.912
v -9.979 5.601 -1.301
v -9.78 5.297 -1.565
v -9.444 5.059 -1.741
v -5.936 10.836 1.875
v -3.262 7.6 -0.347
v -3.228 7.795 -0.644
v -8.577 4.904 -1.741
v -8.179 5.012 -1.565
v -9.87 6.213 -0.679
v -3.275 7.531 0.003
v -6.99 4.917 0.999
v -6.878 5.548 0.969
v -6.31 8.905 -2.644
v -6.087 9.99 2.449
v -6.013 10.404 2.231
v -7.978 6.144 -0.415
v -8.314 6.383 -0.239
v -9.021 4.92 -1.803
v -7.888 5.228 -1.301
v -10.011 5.922 -0.99
v -8.736 6.521 -0.177
v -9.033 2.345 3.862
v -9.455 2.484 3.924
v -8.697 2.106 3.686
v -8.498 1.803 3.422
v -8.466 1.481 3.111
v -8.607 1.19 2.8
v -8.898 0.974 2.536
v -9.296 0.866 2.36
v -9.74 0.882 2.298
v -10.163 1.021 2.36
v -10.499 1.26 2.536
v -10.698 1.563 2.8
v -10.73 1.885 3.111
v -10.589 2.175 3.422
v -10.297 2.391 3.686
v -9.899 2.499 3.862
v -8.616 2.835 4.418
v -9.35 3.075 4.525
v -8.03 2.419 4.111
v -7.684 1.891 3.652
v -7.567 1.68 3.465
v -7.567 1.68 3.465
v -7.691 0.984 2.758
v -7.691 0.984 2.758
v -7.629 1.332 3.111
v -8.381 0.451 2.111
v -7.873 0.826 2.57
v -9.074 0.262 1.804
v -9.846 0.291 1.697
v -10.58 0.531 1.804
v -11.165 0.947 2.111
v -11.512 1.474 2.57
v -11.567 2.034 3.111
v -11.322 2.54 3.652
v -10.815 2.915 4.111
v -10.122 3.104 4.418
v -7.136 4.097 1.306
v -7.019 4.758 -1.081
v -7.115 4.219 -0.529
v -7.286 3.257 0.449
v -5.959 10.71 -0.72
v -6.031 10.306 -1.331
v -5.933 10.852 0.003
v -5.959 10.709 0.726
v -6.031 10.306 1.337
v -6.138 9.704 1.747
v -6.265 8.993 1.891
v -6.391 8.281 1.747
v -6.498 7.679 1.337
v -6.57 7.276 0.725
v -6.596 7.134 0.003
v -6.57 7.276 -0.72
v -6.499 7.678 -1.332
v -6.391 8.281 -1.741
v -6.265 8.993 -1.885
v -6.138 9.704 -1.741
v -5.046 10.131 -1.331
v -5.153 9.529 -1.741
v -5.28 8.817 -1.885
v -5.407 8.106 -1.741
v -5.514 7.503 -1.332
v -5.586 7.101 -0.72
v -5.611 6.959 0.003
v -5.586 7.101 0.725
v -5.407 8.106 1.747
v -5.28 8.817 1.891
v -5.153 9.529 1.747
v -5.046 10.131 1.337
v -4.974 10.534 0.726
v -4.949 10.676 0.003
v -4.974 10.534 -0.72
v -2.929 9.473 1.061
v -2.872 9.793 0.575
v -5.027 10.238 1.446
v -4.949 10.674 0.784
v -2.852 9.905 0.003
v -4.922 10.827 0.002
v -2.872 9.792 -0.57
v -4.949 10.674 -0.779
v -2.929 9.473 -1.055
v -5.027 10.239 -1.441
v -3.014 8.995 -1.38
v -5.143 9.587 -1.883
v -3.114 8.432 -1.493
v -5.28 8.817 -2.039
v -3.214 7.869 -1.38
v -5.417 8.048 -1.883
v -3.3 7.39 -1.055
v -5.533 7.396 -1.441
v -3.356 7.071 -0.569
v -5.611 6.961 -0.779
v -3.376 6.959 0.003
v -5.638 6.807 0.003
v -3.356 7.071 0.575
v -5.611 6.961 0.784
v -3.175 8.087 0.848
v -3.175 8.087 0.848
v -3.262 7.6 0.353
v -3.262 7.6 0.353
v -3.215 7.868 1.385
v -3.114 8.432 1.499
v -5.417 8.048 1.889
v -5.28 8.817 2.044
v -3.014 8.995 1.385
v -5.143 9.587 1.889
v -5.561 7.239 1.206
v -5.561 7.239 1.206
v -5.542 7.346 1.097
v -5.542 7.346 1.097
v -5.491 7.633 1.607
v -5.491 7.633 1.607
v -5.472 7.74 1.498
v -5.472 7.74 1.498
v -5.668 7.531 1.337
v -5.621 7.638 1.414
v -5.286 8.439 0.833
v -5.15 8.439 0.848
v -3.334 7.195 0.764
v -3.334 7.195 0.764
v -5.237 7.952 0.353
v -5.367 7.989 0.375
v -5.47 8.051 0.44
v -5.534 8.129 0.536
v -5.409 8.397 0.791
v -3.864 7.073 0.977
v -4.427 7.047 1.102
v -4.997 7.111 1.138
v -5.376 7.17 1.146
v -5.506 7.206 1.171
v -5.591 7.375 1.127
v -5.654 7.451 1.224
v -5.529 7.72 1.478
v -5.426 7.656 1.628
v -5.289 7.658 1.641
v -4.91 7.598 1.633
v -4.34 7.534 1.597
v -3.777 7.561 1.471
v -3.247 7.683 1.259
v -3.247 7.683 1.259
v -7.28 3.29 1.932
v -7.413 2.544 1.174
usemtl MB_23
s off
f 1341 1441 1340
f 1441 1442 1340
f 1841 1369 1857
f 1369 1370 1857
f 1338 1340 1443
f 1340 1442 1443
f 1361 1336 1847
f 1336 1836 1847
f 1431 1438 1444
f 1438 1441 1444
f 1360 1361 1867
f 1361 1847 1867
f 1401 1828 1400
f 1828 1829 1400
f 1398 1399 1866
f 1399 1846 1866
f 1380 1379 1385
f 1379 1384 1385
f 1397 1801 1396
f 1801 1802 1396
f 1827 1828 1394
f 1828 1401 1394
f 1383 1385 1386
f 1385 1384 1386
f 1817 1837 1409
f 1813 1814 1409
f 1814 1816 1409
f 1821 1424 1409
f 1815 1813 1409
f 1424 1423 1409
f 1859 1852 1807
f 1852 1808 1807
f 1863 1858 1805
f 1858 1806 1805
f 1853 1833 1809
f 1833 1810 1809
f 1949 1951 1943
f 1951 1944 1943
f 1936 1965 1937
f 1965 1967 1937
f 1422 1421 1409
f 1421 1420 1409
f 1816 1817 1409
f 1819 1818 1409
f 1419 1820 1409
f 1818 1815 1409
f 1821 1409 1837
f 1420 1419 1409
f 1423 1422 1409
f 1820 1819 1409
f 1942 1941 1948
f 1941 1979 1948
f 1647 1662 2004
f 1840 1845 1415
f 1845 1414 1415
f 1852 1853 1808
f 1853 1809 1808
f 1941 1940 1979
f 1940 1977 1979
f 1940 1939 1977
f 1939 1976 1977
f 1845 1843 1414
f 1843 1413 1414
f 1646 2005 1988
f 1957 1959 1932
f 1959 1933 1932
f 1725 1974 1335
f 1974 1970 1335
f 1961 1963 1934
f 1963 1935 1934
f 1948 1949 1942
f 1949 1943 1942
f 1858 1859 1806
f 1859 1807 1806
f 1951 1953 1944
f 1953 1945 1944
f 1834 1838 1418
f 1838 1417 1418
f 1959 1961 1933
f 1961 1934 1933
f 1839 1840 1416
f 1840 1415 1416
f 1955 1957 1931
f 1957 1932 1931
f 1323 1972 1713
f 1972 1968 1713
f 1833 1834 1810
f 1834 1418 1810
f 1838 1839 1417
f 1839 1416 1417
f 1935 1963 1936
f 1963 1965 1936
f 1953 1955 1945
f 1955 1931 1945
f 1843 1844 1413
f 1844 1412 1413
f 2004 2005 1647
f 1937 1967 1938
f 1967 1969 1938
f 1478 1476 1434
f 1476 1439 1434
f 1822 1365 1823
f 1365 1367 1823
f 1432 1542 1431
f 1542 1434 1431
f 1439 1438 1434
f 1438 1431 1434
f 1392 1378 1393
f 1378 1389 1393
f 1474 1468 1467
f 1468 1472 1467
f 1435 1436 1482
f 1436 1437 1482
f 1482 1437 1480
f 1437 1481 1480
f 1435 1443 1436
f 1443 1442 1436
f 1504 1501 1836
f 1433 1444 1426
f 1444 1344 1426
f 1393 1389 1391
f 1389 1388 1391
f 1357 1346 1363
f 1346 1364 1363
f 1517 1514 1521
f 1514 1516 1521
f 1534 1472 1527
f 1472 1473 1527
f 1427 1426 1788
f 1426 1787 1788
f 1396 1802 1395
f 1802 1826 1395
f 1801 1397 1822
f 1397 1365 1822
f 1395 1826 1394
f 1826 1827 1394
f 1367 1368 1823
f 1368 1842 1823
f 1369 1373 1370
f 1373 1374 1370
f 1374 1375 1370
f 1375 1359 1370
f 1369 1841 1368
f 1841 1842 1368
f 1399 1398 1402
f 1398 1377 1402
f 1526 1527 1471
f 1527 1473 1471
f 1625 1910 1483
f 1910 1545 1483
f 1483 1476 1477
f 1476 1478 1477
f 1486 1485 1492
f 1485 1491 1492
f 1498 1502 1484
f 1502 1505 1484
f 1899 1897 1549
f 1897 2015 1549
f 1499 1502 1489
f 1502 1498 1489
f 1835 1836 1500
f 1502 1501 1505
f 1501 1504 1505
f 1494 1493 1491
f 1493 1492 1491
f 1831 1830 1493
f 1830 1489 1493
f 1495 1864 1494
f 1864 1865 1494
f 1554 1911 1495
f 1911 1864 1495
f 1521 1512 1866
f 1465 1512 1466
f 1512 1515 1466
f 1509 1508 1525
f 1508 1507 1525
f 1510 1525 1506
f 1525 1507 1506
f 1508 1513 1507
f 1513 1522 1507
f 1521 1866 1517
f 1430 1466 1509
f 1466 1515 1509
f 1506 1507 1511
f 1507 1522 1511
f 1515 1516 1509
f 1516 1508 1509
f 1513 1514 1825
f 1514 1803 1825
f 1539 1528 1535
f 1528 1530 1535
f 1467 1472 1533
f 1472 1534 1533
f 1433 1432 1444
f 1432 1431 1444
f 1566 1565 1530
f 1565 1535 1530
f 1485 1486 1440
f 1486 1445 1440
f 1555 1553 1547
f 1553 1546 1547
f 1891 1893 1546
f 1893 1547 1546
f 1430 1429 1466
f 1429 1790 1466
f 1485 1552 1491
f 1552 1551 1491
f 1836 1501 1500
f 1495 1494 1551
f 1494 1491 1551
f 1492 1498 1486
f 1498 1484 1486
f 1498 1492 1489
f 1492 1493 1489
f 1516 1515 1521
f 1515 1512 1521
f 1516 1514 1508
f 1514 1513 1508
f 1468 1428 1470
f 1428 1429 1470
f 1433 1426 1474
f 1426 1427 1474
f 1349 1347 1356
f 1347 1358 1356
f 1358 1357 1356
f 1357 1363 1356
f 1536 1538 1535
f 1538 1539 1535
f 1886 1885 1854
f 1885 1855 1854
f 1879 1878 1848
f 1878 1849 1848
f 1887 1886 1873
f 1886 1854 1873
f 1880 1879 1872
f 1879 1848 1872
f 1878 1877 1849
f 1877 1869 1849
f 1876 1890 1874
f 1890 1850 1874
f 1889 1888 1851
f 1888 1862 1851
f 1877 1875 1869
f 1875 1870 1869
f 1884 1883 1856
f 1883 1871 1856
f 1885 1884 1855
f 1884 1856 1855
f 1882 1881 1860
f 1881 1861 1860
f 1881 1880 1861
f 1880 1872 1861
f 1890 1889 1850
f 1889 1851 1850
f 1883 1882 1871
f 1882 1860 1871
f 1875 1876 1870
f 1876 1874 1870
f 1888 1887 1862
f 1887 1873 1862
f 1868 1359 1867
f 1359 1360 1867
f 1857 1370 1868
f 1370 1359 1868
f 1829 1846 1400
f 1846 1399 1400
f 1586 1587 1578
f 1583 1584 1578
f 1580 1581 1578
f 1591 1592 1578
f 1581 1582 1578
f 1584 1585 1578
f 1589 1590 1578
f 1593 1594 1578
f 1585 1586 1578
f 1579 1580 1578
f 1587 1588 1578
f 1592 1593 1578
f 1582 1583 1578
f 1590 1591 1578
f 1588 1589 1578
f 1594 1579 1578
f 1340 1785 1341
f 1785 1783 1341
f 1501 1502 1500
f 1502 1499 1500
f 1836 1448 1504
f 1505 1504 1449
f 1504 1448 1449
f 1603 1604 1903
f 1604 1620 1903
f 1601 1602 1617
f 1602 1902 1617
f 1595 1596 1892
f 1596 1612 1892
f 1606 1607 1906
f 1607 1907 1906
f 1906 1905 1606
f 1905 1605 1606
f 1626 1610 1892
f 1610 1595 1892
f 1599 1779 1615
f 1598 1599 1894
f 1599 1895 1894
f 1901 1900 1627
f 1900 1628 1627
f 1624 1907 1608
f 1907 1607 1608
f 1894 1613 1598
f 1613 1597 1598
f 1909 1624 1609
f 1624 1608 1609
f 1626 1909 1610
f 1909 1609 1610
f 1902 1602 1903
f 1602 1603 1903
f 1905 1620 1605
f 1620 1604 1605
f 1613 1612 1597
f 1612 1596 1597
f 1601 1617 1600
f 1617 1616 1600
f 1900 1618 1628
f 1618 1629 1628
f 1499 1489 1832
f 1489 1830 1832
f 1835 1500 1832
f 1500 1499 1832
f 1614 1778 1548
f 1778 1777 1548
f 1475 1552 1440
f 1552 1485 1440
f 1893 1614 1547
f 1614 1548 1547
f 1493 1494 1831
f 1494 1865 1831
f 1552 1475 1553
f 1475 1479 1553
f 1553 1479 1546
f 1479 1544 1546
f 1554 1555 1548
f 1555 1547 1548
f 1548 1777 1554
f 1777 1911 1554
f 1495 1551 1554
f 1551 1555 1554
f 1551 1552 1555
f 1552 1553 1555
f 1478 1568 1477
f 1568 1543 1477
f 1623 1908 1543
f 1908 1477 1543
f 1908 1625 1477
f 1625 1483 1477
f 1442 1441 1436
f 1441 1438 1436
f 1436 1438 1437
f 1438 1439 1437
f 1344 1444 1341
f 1444 1441 1341
f 1476 1481 1439
f 1481 1437 1439
f 1481 1476 1545
f 1476 1483 1545
f 1338 1443 1337
f 1443 1445 1337
f 1475 1440 1482
f 1440 1435 1482
f 1479 1475 1480
f 1475 1482 1480
f 1440 1445 1435
f 1445 1443 1435
f 1445 1486 1337
f 1486 1484 1337
f 1505 1449 1484
f 1449 1337 1484
f 1545 1480 1481
f 1479 1480 1544
f 1480 1545 1544
f 1427 1428 1474
f 1428 1468 1474
f 1353 1352 1350
f 1352 1351 1350
f 1343 1342 1346
f 1342 1364 1346
f 1354 1372 1351
f 1372 1371 1351
f 1404 1403 1383
f 1403 1385 1383
f 1341 1783 1344
f 1783 1786 1344
f 1611 1891 1544
f 1891 1546 1544
f 1910 1611 1545
f 1611 1544 1545
f 1506 1564 1510
f 1564 1526 1510
f 1526 1471 1510
f 1619 1904 1574
f 1904 1575 1574
f 1574 1575 1573
f 1575 1567 1573
f 1566 1573 1565
f 1573 1567 1565
f 1568 1478 1542
f 1478 1434 1542
f 1618 1619 1629
f 1619 1574 1629
f 1353 1350 1392
f 1350 1378 1392
f 1539 1537 1528
f 1537 1529 1528
f 1391 1388 1390
f 1388 1387 1390
f 1577 1570 1575
f 1570 1567 1575
f 1355 1354 1345
f 1354 1348 1345
f 1569 1568 1571
f 1568 1542 1571
f 1565 1567 1572
f 1567 1570 1572
f 1532 1538 1531
f 1538 1536 1531
f 1540 1533 1541
f 1533 1534 1541
f 1532 1540 1538
f 1540 1541 1538
f 1541 1534 1537
f 1534 1527 1537
f 1536 1572 1531
f 1572 1571 1531
f 1538 1541 1539
f 1541 1537 1539
f 1535 1565 1536
f 1565 1572 1536
f 1355 1345 1349
f 1345 1347 1349
f 1576 1569 1577
f 1569 1570 1577
f 1572 1570 1571
f 1570 1569 1571
f 1348 1354 1352
f 1354 1351 1352
f 1387 1383 1390
f 1383 1386 1390
f 1622 1623 1576
f 1623 1543 1576
f 1569 1576 1568
f 1576 1543 1568
f 1904 1621 1575
f 1621 1577 1575
f 1621 1622 1577
f 1622 1576 1577
f 1527 1526 1537
f 1526 1529 1537
f 1866 1512 1465
f 1804 1517 1866
f 1381 1382 1380
f 1382 1379 1380
f 1381 1377 1794
f 1377 1792 1794
f 1375 1356 1376
f 1356 1363 1376
f 1394 1401 1408
f 1401 1404 1408
f 1407 1395 1408
f 1395 1394 1408
f 1366 1371 1365
f 1371 1367 1365
f 1405 1397 1406
f 1397 1396 1406
f 1376 1362 1360
f 1362 1361 1360
f 1375 1374 1356
f 1374 1349 1356
f 1339 1362 1342
f 1362 1364 1342
f 1362 1376 1364
f 1376 1363 1364
f 1367 1371 1368
f 1371 1372 1368
f 1366 1365 1405
f 1365 1397 1405
f 1366 1405 1350
f 1405 1378 1350
f 1351 1371 1350
f 1371 1366 1350
f 1373 1355 1374
f 1355 1349 1374
f 1389 1406 1388
f 1406 1407 1388
f 1378 1405 1389
f 1405 1406 1389
f 1403 1400 1402
f 1400 1399 1402
f 1401 1400 1404
f 1400 1403 1404
f 1387 1408 1383
f 1408 1404 1383
f 1359 1375 1360
f 1375 1376 1360
f 1402 1377 1380
f 1377 1381 1380
f 1403 1402 1385
f 1402 1380 1385
f 1388 1407 1387
f 1407 1408 1387
f 1355 1373 1354
f 1373 1372 1354
f 1406 1396 1407
f 1396 1395 1407
f 1372 1373 1368
f 1373 1369 1368
f 1339 1336 1362
f 1336 1361 1362
f 1340 1338 1785
f 1338 1784 1785
f 1337 1449 1338
f 1449 1784 1338
f 1468 1470 1472
f 1470 1473 1472
f 1449 1448 1784
f 1448 1798 1784
f 1429 1430 1470
f 1430 1469 1470
f 1471 1473 1469
f 1473 1470 1469
f 1377 1398 1792
f 1398 1796 1792
f 1511 1522 1912
f 1522 1824 1912
f 1634 1562 1632
f 1562 1560 1632
f 1557 1511 1559
f 1511 1556 1559
f 1530 1528 1562
f 1528 1561 1562
f 1509 1525 1430
f 1525 1469 1430
f 1804 1803 1517
f 1803 1514 1517
f 1522 1513 1824
f 1513 1825 1824
f 1989 1646 1988
f 1557 1506 1511
f 1469 1525 1471
f 1525 1510 1471
f 1636 1631 1914
f 1631 1913 1914
f 1632 1560 1631
f 1560 1558 1631
f 1528 1529 1561
f 1529 1563 1561
f 1526 1564 1529
f 1564 1563 1529
f 1561 1563 1559
f 1563 1557 1559
f 1627 1636 1780
f 1636 1914 1780
f 1563 1564 1557
f 1564 1506 1557
f 1631 1558 1913
f 1558 1912 1913
f 1628 1635 1627
f 1635 1636 1627
f 1635 1632 1636
f 1632 1631 1636
f 1561 1559 1562
f 1559 1560 1562
f 1559 1556 1560
f 1556 1558 1560
f 1637 1634 1635
f 1634 1632 1635
f 1634 1566 1562
f 1566 1530 1562
f 1629 1637 1628
f 1637 1635 1628
f 1629 1574 1637
f 1574 1573 1637
f 1573 1566 1637
f 1566 1634 1637
f 1523 1496 1630
f 1496 1782 1630
f 1648 1490 1524
f 1490 1497 1524
f 1919 1463 1920
f 1463 1464 1920
f 1460 1462 1918
f 1462 1919 1918
f 1496 1523 1497
f 1523 1524 1497
f 1648 1524 1926
f 1524 1518 1926
f 1929 1667 1928
f 1667 1666 1928
f 1925 1663 1647
f 1663 1662 1647
f 1459 1460 1640
f 1460 1918 1640
f 1653 1451 1452
f 1917 1656 1639
f 1656 1655 1639
f 1927 1665 1649
f 1665 1664 1649
f 1490 1648 1488
f 1648 1924 1488
f 1641 1657 1917
f 1657 1656 1917
f 1653 1452 1916
f 1452 1453 1916
f 1447 1921 1446
f 1921 1920 1446
f 1638 1654 1930
f 1654 1668 1930
f 1488 1924 1487
f 1924 1923 1487
f 1916 1455 1915
f 1455 1454 1915
f 1643 1659 1642
f 1659 1658 1642
f 1455 1916 1453
f 1922 1661 1644
f 1661 1660 1644
f 1487 1923 1503
f 1923 1645 1503
f 1503 1645 1447
f 1645 1921 1447
f 1997 1996 1425
f 1649 1664 1925
f 1664 1663 1925
f 1457 1915 1454
f 1651 1520 1652
f 1520 1450 1652
f 1930 1668 1929
f 1668 1667 1929
f 1456 1458 1915
f 1458 1640 1915
f 1928 1666 1927
f 1666 1665 1927
f 1630 1782 1633
f 1782 1781 1633
f 1920 1464 1446
f 1650 1519 1651
f 1519 1520 1651
f 1919 1461 1463
f 1518 1519 1926
f 1519 1650 1926
f 1644 1660 1643
f 1660 1659 1643
f 1459 1640 1458
f 1456 1915 1457
f 1639 1655 1638
f 1655 1654 1638
f 1652 1450 1653
f 1450 1451 1653
f 1462 1461 1919
f 1642 1658 1641
f 1658 1657 1641
f 1432 1540 1532
f 1432 1531 1542
f 1531 1571 1542
f 1540 1432 1533
f 1533 1432 1467
f 1432 1532 1531
f 1467 1432 1474
f 1432 1433 1474
f 1669 1352 1353
f 1669 1392 1393
f 1391 1669 1393
f 1391 1390 1669
f 1390 1386 1669
f 1386 1384 1669
f 1384 1379 1669
f 1379 1382 1669
f 1669 1348 1352
f 1343 1346 1669
f 1669 1345 1348
f 1346 1357 1669
f 1669 1347 1345
f 1357 1358 1669
f 1358 1347 1669
f 1669 1353 1392
f 1946 1947 1672
f 1947 1676 1672
f 1730 1731 1671
f 1731 1675 1671
f 1671 1675 1670
f 1675 1674 1670
f 1947 1950 1676
f 1950 1680 1676
f 1731 1732 1675
f 1732 1679 1675
f 1675 1679 1674
f 1679 1678 1674
f 1950 1952 1680
f 1952 1684 1680
f 1732 1733 1679
f 1733 1683 1679
f 1679 1683 1678
f 1683 1682 1678
f 1952 1954 1684
f 1954 1688 1684
f 1733 1734 1683
f 1734 1687 1683
f 1683 1687 1682
f 1687 1686 1682
f 1954 1956 1688
f 1956 1692 1688
f 1734 1735 1687
f 1735 1691 1687
f 1687 1691 1686
f 1691 1690 1686
f 1956 1958 1692
f 1958 1696 1692
f 1735 1736 1691
f 1736 1695 1691
f 1691 1695 1690
f 1695 1694 1690
f 1958 1960 1696
f 1960 1700 1696
f 1736 1737 1695
f 1737 1699 1695
f 1695 1699 1694
f 1699 1698 1694
f 1960 1962 1700
f 1962 1704 1700
f 1737 1738 1699
f 1738 1703 1699
f 1699 1703 1698
f 1703 1702 1698
f 1962 1964 1704
f 1964 1708 1704
f 1738 1739 1703
f 1739 1707 1703
f 1703 1707 1702
f 1707 1706 1702
f 1964 1966 1708
f 1966 1712 1708
f 1739 1740 1707
f 1740 1711 1707
f 1707 1711 1706
f 1711 1710 1706
f 1966 1717 1712
f 1717 1716 1712
f 1740 1741 1711
f 1741 1715 1711
f 1711 1715 1710
f 1715 1714 1710
f 1805 1994 1863
f 1994 1973 1863
f 1805 1425 1994
f 1647 2005 1646
f 1844 1971 1412
f 1971 1991 1412
f 1922 2006 1661
f 2006 1922 1989
f 1721 1975 1720
f 1975 1724 1720
f 1742 1743 1719
f 1743 1723 1719
f 1719 1723 1718
f 1723 1722 1718
f 1975 1978 1724
f 1978 1728 1724
f 1743 1744 1723
f 1744 1727 1723
f 1723 1727 1722
f 1727 1726 1722
f 1978 1946 1728
f 1946 1672 1728
f 1744 1730 1727
f 1730 1671 1727
f 1727 1671 1726
f 1671 1670 1726
f 1701 1326 1705
f 1326 1325 1705
f 1333 1332 1673
f 1332 1677 1673
f 1327 1697 1328
f 1697 1693 1328
f 1325 1324 1705
f 1324 1709 1705
f 1324 1323 1709
f 1323 1713 1709
f 1729 1334 1673
f 1334 1333 1673
f 1661 2006 1986
f 1689 1685 1329
f 1685 1330 1329
f 2004 1662 1982
f 1685 1681 1330
f 1681 1331 1330
f 1729 1725 1334
f 1725 1335 1334
f 1681 1677 1331
f 1677 1332 1331
f 1922 1646 1989
f 1697 1327 1701
f 1327 1326 1701
f 1689 1329 1693
f 1329 1328 1693
f 1728 1672 1744
f 1672 1730 1744
f 1724 1728 1743
f 1728 1744 1743
f 1720 1724 1742
f 1724 1743 1742
f 1938 1969 1983
f 1969 1980 1983
f 1976 1939 1984
f 1939 1987 1984
f 1712 1716 1740
f 1716 1741 1740
f 1708 1712 1739
f 1712 1740 1739
f 1704 1708 1738
f 1708 1739 1738
f 1700 1704 1737
f 1704 1738 1737
f 1696 1700 1736
f 1700 1737 1736
f 1692 1696 1735
f 1696 1736 1735
f 1688 1692 1734
f 1692 1735 1734
f 1684 1688 1733
f 1688 1734 1733
f 1680 1684 1732
f 1684 1733 1732
f 1676 1680 1731
f 1680 1732 1731
f 1672 1676 1730
f 1676 1731 1730
f 1968 1972 1992
f 1974 2013 1970
f 1990 1411 1991
f 1996 1995 1425
f 1998 1812 1411
f 1411 1412 1991
f 1812 1811 1411
f 1811 1410 1411
f 1411 1990 1998
f 1995 1994 1425
f 1425 1410 1997
f 1410 1811 1997
f 1716 1717 1999
f 1717 1993 1999
f 1741 1716 2000
f 1716 1999 2000
f 1715 1741 2001
f 1741 2000 2001
f 1714 1715 2002
f 1715 2001 2002
f 2002 2003 1714
f 1714 2003 1981
f 1985 2007 1718
f 2007 2008 1718
f 1719 1718 2009
f 1718 2008 2009
f 1742 1719 2010
f 1719 2009 2010
f 1720 1742 2011
f 1742 2010 2011
f 1721 1720 2012
f 1720 2011 2012
f 1750 1766 1749
f 1766 1765 1749
f 1751 1767 1750
f 1767 1766 1750
f 1749 1765 1748
f 1765 1764 1748
f 1752 1768 1751
f 1768 1767 1751
f 1754 1772 1753
f 1772 1771 1753
f 1747 1761 1746
f 1761 1760 1746
f 1762 1761 1763
f 1761 1747 1763
f 1748 1764 1747
f 1764 1763 1747
f 1753 1769 1752
f 1769 1768 1752
f 1770 1769 1771
f 1771 1769 1753
f 1754 1773 1772
f 1754 1755 1774
f 1755 1775 1774
f 1756 1745 1757
f 1745 1746 1757
f 1774 1773 1754
f 1775 1755 1776
f 1746 1758 1757
f 1760 1759 1746
f 1746 1759 1758
f 1448 1836 1798
f 1836 1336 1798
f 1796 1398 1465
f 1398 1866 1465
f 1781 1549 1633
f 1549 2015 1633
f 1896 1899 2014
f 1899 1549 2014
f 1898 1901 1780
f 1901 1627 1780
f 1550 2014 1781
f 2014 1549 1781
f 1782 1496 1781
f 1496 1550 1781
f 1912 1558 1511
f 1558 1556 1511
f 1784 1798 1785
f 1798 1800 1785
f 1785 1800 1783
f 1800 1797 1783
f 1789 1428 1788
f 1428 1427 1788
f 1787 1426 1786
f 1426 1344 1786
f 1786 1793 1791
f 1786 1783 1797
f 1797 1799 1793
f 1797 1793 1786
f 1790 1429 1789
f 1429 1428 1789
f 1787 1795 1788
f 1795 1794 1788
f 1787 1791 1795
f 1792 1789 1794
f 1789 1788 1794
f 1791 1787 1786
f 1796 1790 1792
f 1790 1789 1792
f 1790 1796 1466
f 1796 1465 1466
f 1795 1382 1794
f 1382 1381 1794
f 1791 1793 1799
f 1799 1343 1669
f 1799 1669 1791
f 1791 1669 1795
f 1669 1382 1795
f 1798 1336 1800
f 1336 1339 1800
f 1797 1342 1799
f 1342 1343 1799
f 1800 1339 1797
f 1339 1342 1797
f 1779 1599 1616
f 1599 1600 1616
f 1599 1615 1895
o Part.3
v -8.189 2.751 1.831
v -8.226 2.706 1.881
v -8.209 2.806 1.781
v -8.222 3.086 2.156
v -8.258 3.034 2.198
v -8.241 3.132 2.098
v -8.429 3.402 2.431
v -8.461 3.343 2.467
v -8.444 3.441 2.367
v -8.781 3.652 2.615
v -8.804 3.586 2.646
v -8.786 3.684 2.546
v -9.056 2.11 1.046
v -9.072 2.081 1.115
v -9.054 2.18 1.015
v -8.639 2.222 1.23
v -8.666 2.191 1.295
v -8.649 2.29 1.195
v -8.335 2.448 1.505
v -8.369 2.41 1.563
v -8.352 2.509 1.464
v -9.309 0.904 2.406
v -8.928 1.007 2.576
v -8.65 1.214 2.829
v -8.515 1.491 3.126
v -8.545 1.799 3.424
v -8.735 2.088 3.677
v -9.057 2.317 3.846
v -8.733 5.147 -1.261
v -8.512 5.206 -1.164
v -8.351 5.326 -1.017
v -8.273 5.488 -0.845
v -8.29 5.665 -0.672
v -8.401 5.833 -0.526
v -8.587 5.966 -0.428
v -8.267 4.72 -1.191
v -8.648 4.617 -1.36
v -8.396 6.03 0.079
v -8.074 5.802 -0.089
v -7.884 5.512 -0.342
v -7.853 5.204 -0.641
v -7.988 4.926 -0.938
v -8.688 2.354 1.208
v -8.817 3.665 2.477
v -8.305 3.146 2.056
v -8.41 2.561 1.46
v -9.069 2.251 1.038
v -8.496 3.436 2.308
v -8.275 2.839 1.757
v -8.713 2.214 1.349
v -8.842 3.524 2.62
v -8.33 3.006 2.198
v -8.435 2.42 1.602
v -9.094 2.111 1.181
v -8.521 3.295 2.451
v -8.3 2.698 1.9
v -9.616 -0.778 3.217
v -9.26 -0.983 3.297
v -8.973 -1.257 3.424
v -8.772 -1.584 3.589
v -8.674 -1.942 3.781
v -8.683 -2.304 3.988
v -8.794 -2.614 4.254
v -8.839 -2.869 4.578
v -9.254 -0.077 2.783
v -8.699 -0.396 2.907
v -8.249 -0.826 3.106
v -7.937 -1.337 3.364
v -7.782 -1.895 3.665
v -7.797 -2.462 3.988
v -7.966 -2.929 4.435
v -8.869 -3.036 6.373
v -7.77 -1.111 8.297
v -7.594 -0.837 8.124
v -7.412 -0.3 7.801
v -7.397 0.267 7.478
v -7.552 0.825 7.177
v -7.864 1.336 6.918
v -8.314 1.766 6.72
v -8.869 2.085 6.595
v -8.474 -0.815 8.2
v -8.415 -0.486 8.007
v -8.298 -0.142 7.801
v -8.289 0.22 7.594
v -8.387 0.578 7.402
v -8.588 0.905 7.236
v -8.875 1.179 7.11
v -9.231 1.384 7.03
v -8.032 -1.378 8.475
v -8.887 -3.136 5.209
v -8.557 -1.284 8.475
v -8.736 -3.18 6.087
v -8.89 -3.153 6.087
v -9.236 0.705 2.224
v -8.758 0.835 2.436
v -8.408 1.093 2.753
v -8.239 1.442 3.126
v -8.277 1.828 3.5
v -8.516 2.192 3.817
v -8.507 0.68 4.804
v -8.563 1.887 4.126
v -8.684 2.308 3.899
v -9.063 0.999 4.68
v -9.349 0.017 2.886
v -8.891 -0.026 3.271
v -8.562 0.043 3.787
v -8.413 0.236 4.337
v -8.458 0.59 4.765
v -8.123 -3.1 4.792
v -8.361 -3.23 5.209
v -8.799 -3.049 6.373
v -8.671 -1.923 8.337
v -8.593 -1.488 8.554
v -8.651 -1.811 8.466
v -8.624 -1.658 8.543
v -8.6 -1.935 8.337
v -8.433 -1.692 8.543
v -8.548 -1.829 8.466
v -8.898 -3.197 5.604
v -8.558 -3.258 5.604
v -8.897 -3.192 5.816
v -8.65 -3.236 5.816
v -8.27 -1.546 8.554
v -8.665 4.963 -1.431
v -8.636 4.717 -1.439
v -8.638 4.829 -1.475
v -8.355 5.048 -1.293
v -8.261 4.819 -1.273
v -8.283 4.926 -1.318
v -8.128 5.215 -1.088
v -7.986 5.022 -1.024
v -8.022 5.118 -1.082
v -8.018 5.442 -0.845
v -7.853 5.296 -0.731
v -7.897 5.378 -0.803
v -8.043 5.692 -0.602
v -7.884 5.599 -0.437
v -7.925 5.665 -0.526
v -8.198 5.929 -0.396
v -8.072 5.884 -0.187
v -8.103 5.936 -0.29
v -8.46 6.115 -0.259
v -8.388 6.11 -0.021
v -8.403 6.149 -0.132
v -10.552 3.172 1.831
v -10.532 3.117 1.881
v -10.514 3.216 1.781
v -10.405 3.475 2.156
v -10.389 3.413 2.198
v -10.371 3.512 2.098
v -10.101 3.7 2.431
v -10.092 3.633 2.467
v -10.074 3.731 2.367
v -9.685 3.813 2.615
v -9.686 3.743 2.646
v -9.669 3.841 2.546
v -9.959 2.271 1.046
v -9.954 2.238 1.115
v -9.936 2.337 1.015
v -10.311 2.52 1.23
v -10.297 2.482 1.295
v -10.279 2.58 1.195
v -10.519 2.836 1.505
v -10.5 2.79 1.563
v -10.482 2.889 1.464
v -10.138 1.051 2.406
v -10.46 1.28 2.576
v -10.65 1.57 2.829
v -10.681 1.877 3.126
v -10.546 2.155 3.424
v -10.267 2.361 3.677
v -9.886 2.465 3.846
v -9.214 5.232 -1.261
v -9.4 5.365 -1.164
v -9.511 5.532 -1.017
v -9.527 5.711 -0.845
v -9.45 5.872 -0.672
v -9.289 5.991 -0.526
v -9.068 6.051 -0.428
v -9.799 4.993 -1.191
v -9.477 4.764 -1.36
v -9.225 6.178 0.079
v -9.606 6.074 -0.089
v -9.885 5.868 -0.342
v -10.019 5.59 -0.641
v -9.989 5.283 -0.938
v -10.22 2.627 1.207
v -9.646 3.812 2.477
v -10.306 3.503 2.056
v -10.41 2.917 1.46
v -9.898 2.398 1.038
v -10.027 3.708 2.308
v -10.441 3.224 1.757
v -10.245 2.487 1.349
v -9.671 3.671 2.62
v -10.331 3.362 2.198
v -10.435 2.776 1.602
v -9.923 2.258 1.181
v -10.052 3.568 2.451
v -10.466 3.084 1.9
v -10.431 -0.633 3.217
v -10.835 -0.702 3.297
v -11.2 -0.861 3.424
v -11.501 -1.098 3.589
v -11.716 -1.4 3.781
v -11.833 -1.743 3.988
v -11.836 -2.072 4.254
v -11.881 -2.327 4.578
v -10.528 0.15 2.783
v -11.16 0.042 2.907
v -11.73 -0.206 3.106
v -12.2 -0.578 3.364
v -12.537 -1.048 3.665
v -12.719 -1.586 3.988
v -12.721 -2.082 4.435
v -11.911 -2.494 6.373
v -12.279 -0.308 8.297
v -12.349 0.01 8.124
v -12.334 0.576 7.801
v -12.152 1.114 7.478
v -11.815 1.584 7.177
v -11.345 1.956 6.918
v -10.775 2.204 6.72
v -10.143 2.312 6.595
v -11.516 -0.273 8.2
v -11.457 0.056 8.007
v -11.448 0.419 7.801
v -11.331 0.762 7.594
v -11.116 1.064 7.401
v -10.815 1.301 7.236
v -10.45 1.46 7.11
v -10.046 1.529 7.03
v -12.124 -0.649 8.475
v -11.929 -2.594 5.209
v -11.599 -0.743 8.475
v -12.086 -2.584 6.087
v -11.932 -2.611 6.087
v -10.275 0.89 2.224
v -10.679 1.178 2.436
v -10.918 1.54 2.753
v -10.956 1.926 3.126
v -10.788 2.275 3.5
v -10.438 2.535 3.817
v -10.968 1.118 4.804
v -10.499 2.231 4.126
v -10.24 2.585 3.899
v -10.337 1.225 4.68
v -10.407 0.205 2.886
v -10.852 0.323 3.271
v -11.136 0.501 3.787
v -11.209 0.734 4.337
v -11.045 1.051 4.765
v -12.634 -2.297 4.792
v -12.455 -2.501 5.209
v -11.981 -2.482 6.373
v -11.713 -1.381 8.337
v -11.636 -0.946 8.554
v -11.693 -1.269 8.466
v -11.666 -1.116 8.543
v -11.784 -1.368 8.337
v -11.857 -1.082 8.543
v -11.795 -1.251 8.466
v -11.94 -2.655 5.604
v -12.28 -2.595 5.604
v -11.939 -2.65 5.816
v -12.186 -2.606 5.816
v -11.959 -0.889 8.554
v -9.222 3.796 2.68
v -9.234 3.726 2.71
v -9.217 3.825 2.609
v -9.519 2.127 0.982
v -9.524 2.097 1.052
v -9.506 2.197 0.952
v -9.734 0.919 2.348
v -8.822 6.042 -0.394
v -8.979 5.156 -1.296
v -9.073 4.632 -1.419
v -8.8 6.162 0.138
v -8.9 5.6 -0.845
v -9.494 2.267 0.979
v -9.222 3.796 2.537
v -9.519 2.126 1.122
v -9.246 3.656 2.679
v -10.015 -0.659 3.189
v -9.493 2.271 6.553
v -9.63 1.503 7.002
v -9.769 0.725 2.149
v -9.462 2.446 3.899
v -9.687 1.185 4.637
v -9.878 0.109 2.74
v -9.341 5.083 -1.431
v -9.453 4.862 -1.439
v -9.412 4.967 -1.475
v -9.603 5.27 -1.293
v -9.77 5.088 -1.273
v -9.712 5.18 -1.318
v -9.758 5.506 -1.088
v -9.957 5.373 -1.024
v -9.891 5.451 -1.082
v -9.782 5.757 -0.845
v -9.988 5.676 -0.731
v -9.919 5.738 -0.803
v -9.673 5.982 -0.602
v -9.855 5.95 -0.437
v -9.793 5.998 -0.526
v -9.446 6.151 -0.396
v -9.58 6.153 -0.187
v -9.533 6.19 -0.29
v -9.136 6.235 -0.259
v -9.205 6.255 -0.021
v -9.177 6.287 -0.132
v -8.79 6.222 -0.21
v -8.786 6.24 0.036
v -8.78 6.273 -0.076
v -9.055 4.732 -1.498
v -9.011 4.976 -1.479
v -9.035 4.844 -1.53
v -9.309 0.904 2.406
v -9.734 0.919 2.348
v -8.928 1.007 2.576
v -8.65 1.214 2.829
v -8.515 1.491 3.126
v -8.545 1.799 3.424
v -8.735 2.088 3.677
v -9.057 2.317 3.846
v -9.069 2.251 1.038
v -8.688 2.354 1.208
v -8.496 3.436 2.308
v -8.817 3.665 2.477
v -8.275 2.839 1.757
v -8.305 3.146 2.056
v -8.41 2.561 1.46
v -9.494 2.267 0.979
v -9.222 3.796 2.537
v -8.435 2.42 1.602
v -8.3 2.698 1.9
v -8.33 3.006 2.198
v -8.521 3.295 2.451
v -8.842 3.524 2.62
v -9.246 3.656 2.679
v -9.519 2.126 1.122
v -9.094 2.111 1.181
v -8.713 2.214 1.349
v -10.015 -0.659 3.189
v -9.616 -0.778 3.217
v -9.26 -0.983 3.297
v -8.973 -1.257 3.424
v -8.772 -1.584 3.589
v -8.674 -1.942 3.781
v -8.683 -2.304 3.988
v -8.794 -2.614 4.254
v -8.794 -2.614 4.254
v -8.839 -2.869 4.578
v -9.254 -0.077 2.783
v -8.699 -0.396 2.907
v -8.249 -0.826 3.106
v -7.937 -1.337 3.364
v -7.782 -1.895 3.665
v -7.797 -2.462 3.988
v -7.966 -2.929 4.435
v -7.77 -1.111 8.297
v -7.594 -0.837 8.124
v -7.412 -0.3 7.801
v -7.397 0.267 7.478
v -7.552 0.825 7.177
v -7.864 1.336 6.918
v -8.314 1.766 6.72
v -8.869 2.085 6.595
v -8.891 -0.026 3.271
v -9.349 0.017 2.886
v -9.493 2.271 6.553
v -8.474 -0.815 8.2
v -8.415 -0.486 8.007
v -8.415 -0.486 8.007
v -8.298 -0.142 7.801
v -8.289 0.22 7.594
v -8.387 0.578 7.402
v -8.588 0.905 7.236
v -8.875 1.179 7.11
v -9.231 1.384 7.03
v -9.63 1.503 7.002
v -8.032 -1.378 8.475
v -8.887 -3.136 5.209
v -8.557 -1.284 8.475
v -8.799 -3.049 6.373
v -8.736 -3.18 6.087
v -8.123 -3.1 4.792
v -8.869 -3.036 6.373
v -8.89 -3.153 6.087
v -8.897 -3.192 5.816
v -9.236 0.705 2.224
v -9.769 0.725 2.149
v -8.758 0.835 2.436
v -8.408 1.093 2.753
v -8.239 1.442 3.126
v -8.277 1.828 3.5
v -8.516 2.192 3.817
v -9.462 2.446 3.899
v -9.462 2.446 3.899
v -9.462 2.446 3.899
v -8.684 2.308 3.899
v -8.684 2.308 3.899
v -8.563 1.887 4.126
v -9.687 1.185 4.637
v -9.063 0.999 4.68
v -9.878 0.109 2.74
v -9.878 0.109 2.74
v -9.878 0.109 2.74
v -8.562 0.043 3.787
v -8.413 0.236 4.337
v -8.458 0.59 4.765
v -8.507 0.68 4.804
v -8.507 0.68 4.804
v -8.361 -3.23 5.209
v -8.65 -3.236 5.816
v -8.651 -1.811 8.466
v -8.671 -1.923 8.337
v -8.6 -1.935 8.337
v -8.548 -1.829 8.466
v -8.624 -1.658 8.543
v -8.433 -1.692 8.543
v -8.898 -3.197 5.604
v -8.558 -3.258 5.604
v -8.593 -1.488 8.554
v -8.27 -1.546 8.554
v -10.138 1.051 2.406
v -10.46 1.28 2.576
v -10.65 1.57 2.829
v -10.681 1.877 3.126
v -10.546 2.155 3.424
v -10.267 2.361 3.677
v -9.886 2.465 3.846
v -9.898 2.398 1.038
v -10.22 2.627 1.207
v -10.027 3.708 2.308
v -9.646 3.812 2.477
v -10.441 3.224 1.757
v -10.306 3.503 2.056
v -10.41 2.917 1.46
v -10.435 2.776 1.602
v -10.466 3.084 1.9
v -10.331 3.362 2.198
v -10.052 3.568 2.451
v -9.671 3.671 2.62
v -9.923 2.258 1.181
v -10.245 2.487 1.349
v -10.431 -0.633 3.217
v -10.835 -0.702 3.297
v -11.2 -0.861 3.424
v -11.501 -1.098 3.589
v -11.716 -1.4 3.781
v -11.833 -1.743 3.988
v -11.836 -2.072 4.254
v -11.836 -2.072 4.254
v -11.881 -2.327 4.578
v -10.528 0.15 2.783
v -11.16 0.042 2.907
v -11.73 -0.206 3.106
v -12.2 -0.578 3.364
v -12.537 -1.048 3.665
v -12.719 -1.586 3.988
v -12.721 -2.082 4.435
v -12.279 -0.308 8.297
v -12.349 0.01 8.124
v -12.334 0.576 7.801
v -12.152 1.114 7.478
v -11.815 1.584 7.177
v -11.345 1.956 6.918
v -10.775 2.204 6.72
v -10.143 2.312 6.595
v -10.852 0.323 3.271
v -10.407 0.205 2.886
v -11.516 -0.273 8.2
v -11.457 0.056 8.007
v -11.457 0.056 8.007
v -11.448 0.419 7.801
v -11.331 0.762 7.594
v -11.116 1.064 7.401
v -10.815 1.301 7.236
v -10.45 1.46 7.11
v -10.046 1.529 7.03
v -12.124 -0.649 8.475
v -11.929 -2.594 5.209
v -11.599 -0.743 8.475
v -11.981 -2.482 6.373
v -12.086 -2.584 6.087
v -12.634 -2.297 4.792
v -11.911 -2.494 6.373
v -11.932 -2.611 6.087
v -11.939 -2.65 5.816
v -10.275 0.89 2.224
v -10.679 1.178 2.436
v -10.918 1.54 2.753
v -10.956 1.926 3.126
v -10.788 2.275 3.5
v -10.438 2.535 3.817
v -10.24 2.585 3.899
v -10.24 2.585 3.899
v -10.499 2.231 4.126
v -10.337 1.225 4.68
v -11.136 0.501 3.787
v -11.209 0.734 4.337
v -11.045 1.051 4.765
v -10.968 1.118 4.804
v -10.968 1.118 4.804
v -12.455 -2.501 5.209
v -12.186 -2.606 5.816
v -11.693 -1.269 8.466
v -11.713 -1.381 8.337
v -11.784 -1.368 8.337
v -11.795 -1.251 8.466
v -11.666 -1.116 8.543
v -11.857 -1.082 8.543
v -11.94 -2.655 5.604
v -12.28 -2.595 5.604
v -11.636 -0.946 8.554
v -11.959 -0.889 8.554
usemtl MB_24
s off
f 2016 2017 2034
f 2017 2035 2034
f 2035 2017 2350
f 2017 2351 2350
f 2284 2026 2283
f 2026 2025 2283
f 2345 2018 2347
f 2018 2036 2347
f 2018 2016 2036
f 2016 2034 2036
f 2032 2035 2358
f 2035 2350 2358
f 2024 2022 2021
f 2022 2019 2021
f 2027 2025 2024
f 2025 2022 2024
f 2026 2023 2025
f 2023 2022 2025
f 2341 2342 2030
f 2342 2033 2030
f 2345 2346 2018
f 2346 2021 2018
f 2016 2018 2019
f 2018 2021 2019
f 2033 2031 2030
f 2031 2028 2030
f 2023 2020 2022
f 2020 2019 2022
f 2035 2032 2034
f 2032 2031 2034
f 2036 2034 2033
f 2034 2031 2033
f 2347 2036 2342
f 2036 2033 2342
f 2356 2287 2357
f 2287 2029 2357
f 2353 2023 2354
f 2023 2026 2354
f 2341 2030 2348
f 2030 2288 2348
f 2344 2349 2027
f 2349 2285 2027
f 2354 2026 2355
f 2026 2284 2355
f 2285 2283 2027
f 2283 2025 2027
f 2343 2344 2024
f 2344 2027 2024
f 2029 2032 2357
f 2032 2358 2357
f 2351 2017 2352
f 2017 2020 2352
f 2017 2016 2020
f 2016 2019 2020
f 2352 2020 2353
f 2020 2023 2353
f 2346 2343 2021
f 2343 2024 2021
f 2030 2028 2288
f 2028 2286 2288
f 2029 2287 2028
f 2287 2286 2028
f 2052 2292 2140
f 2292 2330 2140
f 2327 2157 2290
f 2157 2050 2290
f 2154 2151 2049
f 2151 2048 2049
f 2148 2145 2047
f 2145 2046 2047
f 2142 2139 2045
f 2139 2044 2045
f 2157 2154 2050
f 2154 2049 2050
f 2151 2148 2048
f 2148 2047 2048
f 2054 2055 2155
f 2055 2152 2155
f 2056 2057 2149
f 2057 2146 2149
f 2145 2142 2046
f 2142 2045 2046
f 2053 2054 2158
f 2054 2155 2158
f 2055 2056 2152
f 2056 2149 2152
f 2057 2051 2146
f 2051 2143 2146
f 2051 2052 2143
f 2052 2140 2143
f 2293 2053 2328
f 2053 2158 2328
f 2064 2061 2056
f 2061 2057 2056
f 2063 2060 2054
f 2060 2055 2054
f 2296 2059 2293
f 2059 2053 2293
f 2062 2295 2052
f 2295 2292 2052
f 2061 2058 2057
f 2058 2051 2057
f 2060 2064 2055
f 2064 2056 2055
f 2059 2063 2053
f 2063 2054 2053
f 2058 2062 2051
f 2062 2052 2051
f 2050 2049 2294
f 2048 2047 2294
f 2046 2045 2294
f 2044 2291 2294
f 2290 2050 2294
f 2049 2048 2294
f 2047 2046 2294
f 2045 2044 2294
f 2337 2336 2071
f 2336 2068 2071
f 2339 2338 2070
f 2338 2067 2070
f 2333 2334 2069
f 2334 2297 2069
f 2336 2335 2068
f 2335 2065 2068
f 2338 2337 2067
f 2337 2071 2067
f 2340 2339 2066
f 2339 2070 2066
f 2335 2333 2065
f 2333 2069 2065
f 2385 2406 2384
f 2406 2408 2384
f 2072 2369 2361
f 2369 2370 2361
f 2361 2370 2362
f 2370 2371 2362
f 2362 2371 2363
f 2371 2372 2363
f 2363 2372 2364
f 2372 2373 2364
f 2364 2373 2365
f 2373 2374 2365
f 2365 2374 2366
f 2374 2375 2366
f 2086 2085 2377
f 2085 2378 2377
f 2085 2084 2378
f 2084 2379 2378
f 2084 2083 2379
f 2083 2380 2379
f 2083 2082 2380
f 2082 2381 2380
f 2082 2081 2425
f 2081 2121 2425
f 2080 2119 2081
f 2119 2120 2081
f 2406 2385 2407
f 2385 2421 2407
f 2118 2428 2418
f 2367 2368 2388
f 2368 2387 2388
f 2077 2078 2390
f 2078 2389 2390
f 2076 2077 2391
f 2077 2390 2391
f 2075 2076 2392
f 2076 2391 2392
f 2074 2075 2393
f 2075 2392 2393
f 2073 2074 2394
f 2074 2393 2394
f 2360 2073 2395
f 2073 2394 2395
f 2359 2360 2396
f 2360 2395 2396
f 2383 2420 2386
f 2420 2304 2386
f 2382 2427 2383
f 2427 2420 2383
f 2382 2381 2427
f 2381 2426 2427
f 2095 2300 2103
f 2300 2301 2103
f 2094 2095 2102
f 2095 2103 2102
f 2093 2094 2101
f 2094 2102 2101
f 2092 2093 2100
f 2093 2101 2100
f 2091 2092 2099
f 2092 2100 2099
f 2090 2091 2098
f 2091 2099 2098
f 2089 2090 2097
f 2090 2098 2097
f 2376 2089 2096
f 2089 2097 2096
f 2368 2398 2387
f 2398 2399 2387
f 2376 2096 2397
f 2096 2106 2397
f 2401 2434 2400
f 2434 2131 2400
f 2403 2404 2126
f 2404 2107 2126
f 2408 2409 2384
f 2409 2424 2384
f 2426 2381 2425
f 2079 2366 2402
f 2366 2375 2402
f 2418 2117 2419
f 2117 2413 2419
f 2410 2122 2409
f 2122 2424 2409
f 2039 2111 2038
f 2111 2110 2038
f 2110 2109 2038
f 2109 2037 2038
f 2040 2112 2039
f 2112 2111 2039
f 2042 2412 2041
f 2412 2411 2041
f 2040 2041 2112
f 2041 2411 2112
f 2289 2037 2302
f 2037 2109 2302
f 2414 2340 2298
f 2340 2066 2298
f 2299 2422 2072
f 2422 2369 2072
f 2417 2116 2114
f 2043 2415 2416
f 2119 2080 2423
f 2042 2043 2412
f 2043 2416 2412
f 2419 2118 2418
f 2381 2082 2425
f 2120 2121 2081
f 2123 2122 2113
f 2122 2410 2113
f 2113 2114 2116
f 2116 2115 2113
f 2115 2123 2113
f 2079 2402 2105
f 2402 2429 2105
f 2405 2430 2404
f 2430 2107 2404
f 2104 2125 2088
f 2125 2124 2088
f 2086 2377 2124
f 2377 2088 2124
f 2138 2438 2104
f 2438 2125 2104
f 2432 2433 2431
f 2433 2133 2431
f 2431 2133 2435
f 2133 2436 2435
f 2403 2126 2432
f 2126 2433 2432
f 2105 2429 2437
f 2429 2135 2437
f 2397 2106 2440
f 2106 2439 2440
f 2398 2134 2399
f 2134 2128 2399
f 2087 2127 2108
f 2127 2129 2108
f 2137 2132 2401
f 2132 2434 2401
f 2108 2129 2136
f 2129 2130 2136
f 2128 2134 2130
f 2134 2136 2130
f 2435 2436 2439
f 2436 2440 2439
f 2437 2135 2405
f 2135 2430 2405
f 2132 2137 2138
f 2137 2438 2138
f 2332 2331 2141
f 2331 2139 2141
f 2140 2141 2143
f 2141 2144 2143
f 2141 2139 2144
f 2139 2142 2144
f 2143 2144 2146
f 2144 2147 2146
f 2144 2142 2147
f 2142 2145 2147
f 2146 2147 2149
f 2147 2150 2149
f 2147 2145 2150
f 2145 2148 2150
f 2149 2150 2152
f 2150 2153 2152
f 2150 2148 2153
f 2148 2151 2153
f 2152 2153 2155
f 2153 2156 2155
f 2153 2151 2156
f 2151 2154 2156
f 2155 2156 2158
f 2156 2159 2158
f 2156 2154 2159
f 2154 2157 2159
f 2158 2159 2328
f 2159 2329 2328
f 2159 2157 2329
f 2157 2327 2329
f 2139 2331 2044
f 2331 2291 2044
f 2032 2029 2031
f 2029 2028 2031
f 2330 2332 2140
f 2332 2141 2140
f 2160 2178 2161
f 2178 2179 2161
f 2179 2455 2161
f 2455 2456 2161
f 2284 2283 2170
f 2283 2169 2170
f 2452 2454 2162
f 2454 2180 2162
f 2162 2180 2160
f 2180 2178 2160
f 2176 2461 2179
f 2461 2455 2179
f 2168 2165 2166
f 2165 2163 2166
f 2171 2168 2169
f 2168 2166 2169
f 2170 2169 2167
f 2169 2166 2167
f 2448 2174 2449
f 2174 2177 2449
f 2452 2162 2453
f 2162 2165 2453
f 2160 2163 2162
f 2163 2165 2162
f 2177 2174 2175
f 2174 2172 2175
f 2167 2166 2164
f 2166 2163 2164
f 2179 2178 2176
f 2178 2175 2176
f 2180 2177 2178
f 2177 2175 2178
f 2454 2449 2180
f 2449 2177 2180
f 2356 2460 2287
f 2460 2173 2287
f 2458 2459 2167
f 2459 2170 2167
f 2448 2348 2174
f 2348 2288 2174
f 2451 2171 2349
f 2171 2285 2349
f 2459 2355 2170
f 2355 2284 2170
f 2285 2171 2283
f 2171 2169 2283
f 2450 2168 2451
f 2168 2171 2451
f 2173 2460 2176
f 2460 2461 2176
f 2456 2457 2161
f 2457 2164 2161
f 2163 2160 2164
f 2160 2161 2164
f 2457 2458 2164
f 2458 2167 2164
f 2453 2165 2450
f 2165 2168 2450
f 2174 2288 2172
f 2288 2286 2172
f 2173 2172 2287
f 2172 2286 2287
f 2196 2307 2292
f 2307 2330 2292
f 2327 2290 2324
f 2290 2194 2324
f 2321 2193 2318
f 2193 2192 2318
f 2315 2191 2312
f 2191 2190 2312
f 2309 2189 2306
f 2189 2188 2306
f 2324 2194 2321
f 2194 2193 2321
f 2318 2192 2315
f 2192 2191 2315
f 2198 2322 2199
f 2322 2319 2199
f 2200 2316 2201
f 2316 2313 2201
f 2312 2190 2309
f 2190 2189 2309
f 2197 2325 2198
f 2325 2322 2198
f 2199 2319 2200
f 2319 2316 2200
f 2201 2313 2195
f 2313 2310 2195
f 2195 2310 2196
f 2310 2307 2196
f 2293 2328 2197
f 2328 2325 2197
f 2208 2200 2205
f 2200 2201 2205
f 2207 2198 2204
f 2198 2199 2204
f 2296 2293 2203
f 2293 2197 2203
f 2206 2196 2295
f 2196 2292 2295
f 2205 2201 2202
f 2201 2195 2202
f 2204 2199 2208
f 2199 2200 2208
f 2203 2197 2207
f 2197 2198 2207
f 2202 2195 2206
f 2195 2196 2206
f 2194 2294 2193
f 2192 2294 2191
f 2190 2294 2189
f 2188 2294 2291
f 2290 2294 2194
f 2193 2294 2192
f 2191 2294 2190
f 2189 2294 2188
f 2444 2215 2443
f 2215 2212 2443
f 2446 2214 2445
f 2214 2211 2445
f 2441 2213 2334
f 2213 2297 2334
f 2443 2212 2442
f 2212 2209 2442
f 2445 2211 2444
f 2211 2215 2444
f 2447 2210 2446
f 2210 2214 2446
f 2442 2209 2441
f 2209 2213 2441
f 2487 2486 2506
f 2486 2507 2506
f 2216 2463 2471
f 2463 2472 2471
f 2463 2464 2472
f 2464 2473 2472
f 2464 2465 2473
f 2465 2474 2473
f 2465 2466 2474
f 2466 2475 2474
f 2466 2467 2475
f 2467 2476 2475
f 2467 2468 2476
f 2468 2477 2476
f 2230 2479 2229
f 2479 2480 2229
f 2229 2480 2228
f 2480 2481 2228
f 2228 2481 2227
f 2481 2482 2227
f 2227 2482 2226
f 2482 2483 2226
f 2226 2517 2225
f 2517 2265 2225
f 2224 2225 2263
f 2225 2264 2263
f 2506 2407 2487
f 2407 2421 2487
f 2262 2514 2520
f 2469 2489 2470
f 2489 2488 2470
f 2221 2491 2222
f 2491 2490 2222
f 2220 2492 2221
f 2492 2491 2221
f 2219 2493 2220
f 2493 2492 2220
f 2218 2494 2219
f 2494 2493 2219
f 2217 2495 2218
f 2495 2494 2218
f 2462 2496 2217
f 2496 2495 2217
f 2359 2396 2462
f 2396 2496 2462
f 2485 2386 2515
f 2386 2304 2515
f 2484 2485 2519
f 2485 2515 2519
f 2484 2519 2483
f 2519 2518 2483
f 2239 2247 2300
f 2247 2301 2300
f 2238 2246 2239
f 2246 2247 2239
f 2237 2245 2238
f 2245 2246 2238
f 2236 2244 2237
f 2244 2245 2237
f 2235 2243 2236
f 2243 2244 2236
f 2234 2242 2235
f 2242 2243 2235
f 2233 2241 2234
f 2241 2242 2234
f 2478 2240 2233
f 2240 2241 2233
f 2470 2488 2498
f 2488 2499 2498
f 2478 2497 2240
f 2497 2250 2240
f 2501 2500 2526
f 2500 2275 2526
f 2503 2270 2504
f 2270 2251 2504
f 2507 2486 2508
f 2486 2516 2508
f 2518 2517 2483
f 2223 2502 2468
f 2502 2477 2468
f 2514 2419 2261
f 2419 2413 2261
f 2509 2508 2266
f 2508 2516 2266
f 2183 2182 2255
f 2182 2254 2255
f 2254 2182 2253
f 2182 2181 2253
f 2184 2183 2256
f 2183 2255 2256
f 2186 2185 2511
f 2185 2510 2511
f 2184 2256 2185
f 2256 2510 2185
f 2289 2302 2181
f 2302 2253 2181
f 2414 2298 2447
f 2298 2210 2447
f 2299 2216 2422
f 2216 2471 2422
f 2513 2258 2260
f 2187 2512 2303
f 2263 2305 2224
f 2186 2511 2187
f 2511 2512 2187
f 2419 2514 2262
f 2483 2517 2226
f 2264 2225 2265
f 2267 2257 2266
f 2257 2509 2266
f 2257 2260 2258
f 2260 2257 2259
f 2257 2267 2259
f 2223 2249 2502
f 2249 2521 2502
f 2505 2504 2522
f 2504 2251 2522
f 2248 2232 2269
f 2232 2268 2269
f 2230 2268 2479
f 2268 2232 2479
f 2282 2248 2530
f 2248 2269 2530
f 2524 2523 2525
f 2523 2277 2525
f 2523 2527 2277
f 2527 2528 2277
f 2503 2524 2270
f 2524 2525 2270
f 2249 2529 2521
f 2529 2279 2521
f 2497 2532 2250
f 2532 2531 2250
f 2498 2499 2278
f 2499 2272 2278
f 2231 2252 2271
f 2252 2273 2271
f 2281 2501 2276
f 2501 2526 2276
f 2252 2280 2273
f 2280 2274 2273
f 2272 2274 2278
f 2274 2280 2278
f 2527 2531 2528
f 2531 2532 2528
f 2529 2505 2279
f 2505 2522 2279
f 2276 2282 2281
f 2282 2530 2281
f 2332 2308 2331
f 2308 2306 2331
f 2307 2310 2308
f 2310 2311 2308
f 2308 2311 2306
f 2311 2309 2306
f 2310 2313 2311
f 2313 2314 2311
f 2311 2314 2309
f 2314 2312 2309
f 2313 2316 2314
f 2316 2317 2314
f 2314 2317 2312
f 2317 2315 2312
f 2316 2319 2317
f 2319 2320 2317
f 2317 2320 2315
f 2320 2318 2315
f 2319 2322 2320
f 2322 2323 2320
f 2320 2323 2318
f 2323 2321 2318
f 2322 2325 2323
f 2325 2326 2323
f 2323 2326 2321
f 2326 2324 2321
f 2325 2328 2326
f 2328 2329 2326
f 2326 2329 2324
f 2329 2327 2324
f 2306 2188 2331
f 2188 2291 2331
f 2176 2175 2173
f 2175 2172 2173
f 2330 2307 2332
f 2307 2308 2332
o Part.4
v 3.275 7.531 0.003
v 3.262 7.6 -0.347
v 3.228 7.795 -0.644
v 3.175 8.087 -0.842
v 3.114 8.432 -0.912
v 3.053 8.776 -0.842
v 3.001 9.069 -0.644
v 2.966 9.264 -0.347
v 2.954 9.333 0.003
v 2.966 9.264 0.353
v 3.001 9.069 0.65
v 3.053 8.776 0.848
v 3.114 8.432 0.918
v 7.075 9.24 2.605
v 7.743 7.083 2.652
v 8.341 7.342 2.555
v 7.724 9.564 2.317
v 8.785 7.602 2.242
v 9.234 7.824 1.74
v 8.241 9.821 1.74
v 8.499 9.949 1.015
v 9.492 7.954 1.015
v 8.152 10.695 0.544
v 8.424 10.134 0.987
v 8.204 10.588 0.696
v 8.114 10.775 0.374
v 7.802 10.889 1.163
v 7.625 11.292 0.003
v 7.642 11.272 0.317
v 8.09 10.823 0.192
v 8.083 10.834 0.003
v 7.675 11.193 0.621
v 7.729 11.065 0.907
v 7.894 10.671 1.385
v 8.343 10.302 0.922
v 8.268 10.456 0.823
v 6.697 10.616 2.139
v 6.814 10.193 2.389
v 6.942 9.73 2.551
v 7.587 9.985 2.246
v 8.001 10.415 1.56
v 8.121 10.131 1.683
v 6.403 11.669 0.003
v 7.038 11.588 0.003
v 6.416 11.64 0.498
v 6.452 11.504 0.976
v 6.514 11.282 1.418
v 6.596 10.984 1.812
v 7.053 11.559 0.424
v 7.089 11.451 0.833
v 7.15 11.272 1.215
v 7.232 11.029 1.559
v 7.335 10.728 1.853
v 7.454 10.377 2.085
v 7.724 9.564 -2.312
v 7.642 11.272 -0.311
v 8.424 10.134 -0.981
v 8.121 10.131 -1.677
v 8.241 9.821 -1.735
v 8.499 9.949 -1.009
v 7.894 10.671 -1.379
v 8.343 10.302 -0.916
v 8.001 10.415 -1.554
v 8.268 10.456 -0.817
v 7.802 10.889 -1.158
v 7.729 11.065 -0.901
v 7.674 11.194 -0.616
v 8.204 10.588 -0.69
v 8.152 10.695 -0.539
v 8.09 10.823 -0.187
v 8.114 10.774 -0.369
v 6.596 10.984 -1.806
v 6.514 11.282 -1.413
v 6.452 11.504 -0.97
v 6.416 11.64 -0.492
v 7.075 9.241 -2.599
v 6.942 9.729 -2.546
v 6.814 10.193 -2.384
v 6.697 10.616 -2.133
v 7.587 9.985 -2.24
v 7.454 10.377 -2.079
v 7.335 10.728 -1.847
v 7.053 11.559 -0.419
v 7.089 11.451 -0.827
v 7.15 11.272 -1.209
v 7.232 11.029 -1.554
v 7.446 9.203 0.003
v 7.559 8.566 0.65
v 7.507 8.859 0.848
v 7.446 9.203 0.918
v 7.385 9.548 0.848
v 7.332 9.84 0.65
v 7.298 10.035 0.353
v 7.285 10.104 0.003
v 7.298 10.035 -0.347
v 7.332 9.84 -0.644
v 7.385 9.548 -0.842
v 7.446 9.203 -0.912
v 7.507 8.859 -0.842
v 7.559 8.566 -0.644
v 7.594 8.371 -0.347
v 7.606 8.302 0.003
v 7.594 8.371 0.353
v 9.468 8.001 -1.009
v 9.244 7.889 -1.619
v 8.76 7.649 -2.186
v 8.232 7.386 -2.47
v 7.719 7.132 -2.647
v 10.316 6.317 1.011
v 10.451 6.06 -0.997
v 9.919 7.137 -1.004
v 10.658 5.571 1.051
v 9.167 5.932 2.531
v 9.646 6.096 2.222
v 9.9 5.466 2.268
v 10.089 6.256 1.667
v 10.389 5.57 1.717
v 8.769 5.815 2.652
v 9.678 7.063 1.686
v 9.229 6.859 2.247
v 8.797 6.661 2.484
v 9.91 7.154 1.008
v 8.32 6.45 2.653
v 6.174 9.502 2.6
v 6.297 8.852 2.653
v 6.678 8.294 2.653
v 7.224 7.613 2.652
v 6.31 8.905 -2.644
v 6.192 9.401 -2.605
v 6.099 9.919 -2.466
v 6.017 10.384 -2.231
v 5.886 11.119 -1.533
v 5.944 10.792 -1.907
v 5.81 11.544 -0.513
v 5.836 11.397 -1.009
v 5.801 11.593 0.002
v 5.81 11.542 0.518
v 5.837 11.395 1.013
v 5.936 10.836 1.875
v 5.876 11.173 1.441
v 6.013 10.404 2.231
v 6.087 9.99 2.449
v 6.668 8.3 -2.647
v 7.224 7.637 -2.647
v 10.177 6.106 -1.585
v 9.261 6.853 -2.158
v 8.377 6.43 -2.647
v 8.73 6.601 -2.508
v 8.929 5.435 -2.647
v 9.84 5.914 -2.102
v 9.285 5.619 -2.499
v 9.675 7.039 -1.639
v 8.966 5.231 2.669
v 10.48 5.074 1.959
v 11.045 4.099 2.068
v 10.871 4.841 1.372
v 9.014 4.959 2.736
v 9.5 5.051 2.603
v 9.851 5.104 2.476
v 9.367 5.362 2.574
v 10.537 4.475 2.527
v 7.349 6.992 2.573
v 8.049 5.688 2.473
v 7.742 6.334 2.514
v 6.532 7.492 1.946
v 6.643 6.866 1.52
v 6.722 6.881 1.936
v 6.771 6.151 1.114
v 7.443 5.582 2.091
v 7.229 6.243 2.185
v 6.879 6.18 1.644
v 7.022 5.507 1.44
v 7.158 4.806 1.388
v 6.99 4.917 0.999
v 6.878 5.548 0.969
v 6.97 6.925 2.321
v 6.581 7.497 2.21
v 6.417 8.244 2.479
v 6.478 8.255 2.572
v 6.734 7.524 2.447
v 6.398 8.241 2.377
v 6.57 8.271 2.633
v 6.968 7.567 2.604
v 7.54 5.14 -2.05
v 7.284 6.115 -2.148
v 6.965 6.956 -2.315
v 7.343 7.022 -2.568
v 8.249 5.235 -2.546
v 7.104 4.993 -1.354
v 6.568 8.282 -2.628
v 6.718 6.904 -2.052
v 6.577 7.52 -2.251
v 6.965 7.588 -2.598
v 6.731 7.545 -2.442
v 6.415 8.255 -2.473
v 6.644 6.889 -1.903
v 6.524 7.538 -2.135
v 6.395 8.258 -2.392
v 6.476 8.266 -2.566
v 6.911 6.05 -1.766
v 7.019 4.758 -1.081
v 6.796 6.006 -1.566
v 7.819 6.246 -2.561
v 8.99 5.088 -2.622
v 9.473 5.297 -2.461
v 9.131 4.304 -2.313
v 9.07 4.647 -2.495
v 9.186 3.996 -2.061
v 10.472 5.475 -1.316
v 10.425 5.621 -1.423
v 10.286 5.92 -1.549
v 9.974 5.679 -2.065
v 9.799 4.409 -1.962
v 10.308 4.992 -1.67
v 9.611 4.982 -2.353
v 10.225 5.195 -1.85
v 9.717 4.685 -2.191
v 10.358 5.766 -1.503
v 10.119 5.417 -1.974
v 10.743 5.385 -0.315
v 11.289 3.593 1.527
v 9.072 4.635 2.942
v 9.844 4.663 2.834
v 8.338 4.395 2.834
v 7.753 3.979 2.527
v 7.406 3.451 2.068
v 7.351 2.892 1.527
v 7.136 4.097 1.306
v 7.585 4.921 2.076
v 8.21 5.077 2.488
v 8.267 4.756 2.571
v 7.289 4.155 1.557
v 7.662 4.487 2.188
v 7.209 4.714 -1.346
v 7.613 4.703 -1.969
v 7.214 4.529 -1.191
v 7.666 4.409 -1.834
v 7.722 4.154 -1.65
v 8.38 4.19 -2.184
v 8.42 3.932 -1.99
v 8.36 4.463 -2.355
v 8.319 4.923 -2.51
v 9.948 3.881 -1.496
v 9.269 3.528 -1.587
v 10.157 2.876 -0.494
v 11.06 4.344 0.75
v 11.002 3.841 0.221
v 10.7 3.314 -0.211
v 10.701 4.948 -0.796
v 10.492 4.441 -1.185
v 9.44 2.57 -0.612
v 9.568 1.85 0.113
v 10.302 2.09 0.221
v 11.234 3.034 0.986
v 10.888 2.506 0.527
v 8.879 5.721 -0.99
v 9.18 6.537 -0.239
v 9.578 6.429 -0.415
v 9.87 6.213 -0.679
v 10.011 5.922 -0.99
v 9.979 5.601 -1.301
v 9.78 5.297 -1.565
v 9.444 5.059 -1.741
v 9.021 4.92 -1.803
v 8.577 4.904 -1.741
v 8.179 5.012 -1.565
v 7.888 5.228 -1.301
v 7.747 5.519 -0.99
v 7.779 5.841 -0.679
v 7.978 6.144 -0.415
v 8.314 6.383 -0.239
v 8.736 6.521 -0.177
v 9.455 2.484 3.924
v 9.033 2.345 3.862
v 8.697 2.106 3.686
v 8.498 1.803 3.422
v 8.466 1.481 3.111
v 8.607 1.19 2.8
v 8.898 0.974 2.536
v 9.296 0.866 2.36
v 9.74 0.882 2.298
v 10.163 1.021 2.36
v 10.499 1.26 2.536
v 10.698 1.563 2.8
v 10.73 1.885 3.111
v 10.589 2.175 3.422
v 10.297 2.391 3.686
v 9.899 2.499 3.862
v 9.35 3.075 4.525
v 8.616 2.835 4.418
v 8.03 2.419 4.111
v 7.684 1.891 3.652
v 7.629 1.332 3.111
v 7.873 0.826 2.57
v 8.381 0.451 2.111
v 9.074 0.262 1.804
v 9.846 0.291 1.697
v 10.58 0.531 1.804
v 11.165 0.947 2.111
v 11.512 1.474 2.57
v 11.567 2.034 3.111
v 11.322 2.54 3.652
v 10.815 2.915 4.111
v 10.122 3.104 4.418
v 7.596 2.386 0.986
v 8.103 2.01 0.527
v 8.796 1.822 0.221
v 7.115 4.219 -0.529
v 7.297 4.061 -0.716
v 7.805 3.686 -1.175
v 7.286 3.257 0.449
v 8.498 3.497 -1.481
v 7.976 2.724 -0.197
v 7.468 3.099 0.262
v 8.669 2.535 -0.504
v 6.031 10.306 -1.331
v 5.959 10.71 -0.72
v 5.933 10.852 0.003
v 5.959 10.709 0.726
v 6.031 10.306 1.337
v 6.138 9.704 1.747
v 6.265 8.993 1.891
v 6.391 8.281 1.747
v 6.498 7.679 1.337
v 6.57 7.276 0.725
v 6.596 7.134 0.003
v 6.57 7.276 -0.72
v 6.499 7.678 -1.332
v 6.391 8.281 -1.741
v 6.265 8.993 -1.885
v 6.138 9.704 -1.741
v 5.046 10.131 -1.331
v 4.974 10.534 -0.72
v 4.949 10.676 0.003
v 4.974 10.534 0.726
v 5.046 10.131 1.337
v 5.153 9.529 1.747
v 5.28 8.817 1.891
v 5.407 8.106 1.747
v 5.586 7.101 0.725
v 5.611 6.959 0.003
v 5.586 7.101 -0.72
v 5.514 7.503 -1.332
v 5.407 8.106 -1.741
v 5.28 8.817 -1.885
v 5.153 9.529 -1.741
v 8.498 9.949 0.003
v 5.027 10.238 1.446
v 4.46 10.127 1.435
v 3.384 9.77 1.274
v 2.929 9.473 1.061
v 4.949 10.674 0.784
v 4.383 10.559 0.779
v 3.315 10.154 0.69
v 2.872 9.793 0.575
v 4.922 10.827 0.002
v 4.356 10.711 0.003
v 3.291 10.289 0.003
v 2.852 9.905 0.003
v 4.949 10.674 -0.779
v 4.383 10.559 -0.773
v 3.315 10.154 -0.684
v 2.872 9.792 -0.57
v 5.027 10.239 -1.441
v 4.46 10.127 -1.43
v 3.384 9.77 -1.268
v 2.929 9.473 -1.055
v 5.143 9.587 -1.883
v 4.575 9.48 -1.869
v 3.486 9.196 -1.657
v 3.014 8.995 -1.38
v 5.28 8.817 -2.039
v 4.711 8.716 -2.024
v 3.606 8.519 -1.795
v 3.114 8.432 -1.493
v 5.417 8.048 -1.883
v 4.847 7.952 -1.869
v 3.727 7.843 -1.657
v 3.214 7.869 -1.38
v 5.533 7.396 -1.441
v 4.962 7.306 -1.43
v 3.829 7.268 -1.268
v 3.3 7.39 -1.055
v 5.611 6.961 -0.779
v 5.039 6.873 -0.773
v 3.897 6.885 -0.684
v 3.356 7.071 -0.569
v 5.638 6.807 0.003
v 5.066 6.721 0.003
v 3.921 6.75 0.003
v 3.376 6.959 0.003
v 5.611 6.961 0.784
v 5.039 6.873 0.779
v 3.897 6.885 0.69
v 3.356 7.071 0.575
v 5.417 8.048 1.889
v 4.847 7.952 1.875
v 3.727 7.843 1.663
v 3.215 7.868 1.385
v 5.28 8.817 2.044
v 4.711 8.716 2.029
v 3.606 8.519 1.8
v 3.114 8.432 1.499
v 5.143 9.587 1.889
v 4.575 9.48 1.875
v 3.486 9.196 1.663
v 3.014 8.995 1.385
v 3.903 9.99 1.399
v 3.828 10.41 0.758
v 3.802 10.559 0.002
v 3.828 10.411 -0.752
v 3.903 9.99 -1.393
v 4.015 9.359 -1.82
v 4.148 8.616 -1.971
v 4.28 7.872 -1.82
v 4.393 7.242 -1.393
v 4.467 6.821 -0.752
v 4.494 6.672 0.003
v 4.467 6.821 0.758
v 4.28 7.872 1.826
v 4.148 8.615 1.976
v 4.015 9.359 1.826
v 3.262 7.6 0.353
v 5.237 7.952 0.353
v 5.367 7.989 0.375
v 5.47 8.051 0.44
v 5.534 8.129 0.536
v 5.547 8.208 0.65
v 5.5 8.315 0.725
v 5.409 8.397 0.791
v 5.286 8.439 0.833
v 5.15 8.439 0.848
v 3.175 8.087 0.848
v 3.334 7.195 0.764
v 3.864 7.073 0.977
v 4.427 7.047 1.102
v 4.997 7.111 1.138
v 5.376 7.17 1.146
v 5.506 7.206 1.171
v 5.561 7.239 1.206
v 5.542 7.346 1.097
v 5.591 7.375 1.127
v 5.654 7.451 1.224
v 5.668 7.531 1.337
v 5.621 7.638 1.414
v 5.529 7.72 1.478
v 5.472 7.74 1.498
v 5.491 7.633 1.607
v 5.426 7.656 1.628
v 5.289 7.658 1.641
v 4.91 7.598 1.633
v 4.34 7.534 1.597
v 3.777 7.561 1.471
v 3.247 7.683 1.259
v 7.28 3.29 1.932
v 7.567 1.68 3.465
v 7.691 0.984 2.758
v 7.413 2.544 1.174
v 7.224 3.607 0.801
v 7.119 4.196 0.203
v 8.916 8.463 1.74
v 7.937 7.948 2.572
v 8.457 8.211 2.264
v 9.178 8.583 1.015
v 9.183 8.573 -1.01
v 8.949 8.459 -1.653
v 8.451 8.22 -2.225
v 7.881 7.949 -2.509
v 8.777 9.39 -0.007
v 8.088 8.891 -2.268
v 8.755 9.433 1.015
v 8.583 9.163 -1.696
v 8.798 9.346 -1.01
v 7.466 8.613 -2.555
v 8.535 9.23 1.74
v 7.485 8.627 2.589
v 8.753 9.435 1.015
v 8.071 8.924 2.292
v 5.81 11.544 -0.513
v 5.836 11.397 -1.009
v 6.524 7.538 -2.135
v 6.395 8.258 -2.392
v 7.606 8.302 0.003
v 7.594 8.371 -0.347
v 7.559 8.566 -0.644
v 7.507 8.859 -0.842
v 7.446 9.203 -0.912
v 7.385 9.548 -0.842
v 5.547 8.208 0.65
v 5.5 8.315 0.725
v 7.332 9.84 0.65
v 7.385 9.548 0.848
v 7.298 10.035 0.353
v 7.446 9.203 0.918
v 7.507 8.859 0.848
v 7.285 10.104 0.003
v 7.298 10.035 -0.347
v 7.332 9.84 -0.644
v 7.594 8.371 0.353
v 5.801 11.593 0.002
v 5.81 11.542 0.518
v 6.796 6.006 -1.566
v 6.644 6.889 -1.903
v 5.886 11.119 -1.533
v 5.944 10.792 -1.907
v 6.017 10.384 -2.231
v 6.099 9.919 -2.466
v 6.643 6.866 1.52
v 6.771 6.151 1.114
v 6.532 7.492 1.946
v 3.053 8.776 -0.842
v 3.001 9.069 -0.644
v 6.398 8.241 2.377
v 6.297 8.852 2.653
v 7.559 8.566 0.65
v 2.966 9.264 -0.347
v 2.954 9.333 0.003
v 2.966 9.264 0.353
v 5.876 11.173 1.441
v 5.837 11.395 1.013
v 3.053 8.776 0.848
v 3.114 8.432 0.918
v 3.001 9.069 0.65
v 6.192 9.401 -2.605
v 6.174 9.502 2.6
v 7.747 5.519 -0.99
v 7.779 5.841 -0.679
v 9.18 6.537 -0.239
v 9.578 6.429 -0.415
v 3.175 8.087 -0.842
v 3.114 8.432 -0.912
v 9.979 5.601 -1.301
v 9.78 5.297 -1.565
v 9.444 5.059 -1.741
v 5.936 10.836 1.875
v 3.262 7.6 -0.347
v 3.228 7.795 -0.644
v 8.577 4.904 -1.741
v 8.179 5.012 -1.565
v 9.87 6.213 -0.679
v 3.275 7.531 0.003
v 6.99 4.917 0.999
v 6.878 5.548 0.969
v 6.31 8.905 -2.644
v 6.087 9.99 2.449
v 6.013 10.404 2.231
v 7.978 6.144 -0.415
v 8.314 6.383 -0.239
v 9.021 4.92 -1.803
v 7.888 5.228 -1.301
v 10.011 5.922 -0.99
v 8.736 6.521 -0.177
v 9.033 2.345 3.862
v 9.455 2.484 3.924
v 8.697 2.106 3.686
v 8.498 1.803 3.422
v 8.466 1.481 3.111
v 8.607 1.19 2.8
v 8.898 0.974 2.536
v 9.296 0.866 2.36
v 9.74 0.882 2.298
v 10.163 1.021 2.36
v 10.499 1.26 2.536
v 10.698 1.563 2.8
v 10.73 1.885 3.111
v 10.589 2.175 3.422
v 10.297 2.391 3.686
v 9.899 2.499 3.862
v 8.616 2.835 4.418
v 9.35 3.075 4.525
v 8.03 2.419 4.111
v 7.684 1.891 3.652
v 7.567 1.68 3.465
v 7.567 1.68 3.465
v 7.691 0.984 2.758
v 7.691 0.984 2.758
v 7.629 1.332 3.111
v 8.381 0.451 2.111
v 7.873 0.826 2.57
v 9.074 0.262 1.804
v 9.846 0.291 1.697
v 10.58 0.531 1.804
v 11.165 0.947 2.111
v 11.512 1.474 2.57
v 11.567 2.034 3.111
v 11.322 2.54 3.652
v 10.815 2.915 4.111
v 10.122 3.104 4.418
v 7.136 4.097 1.306
v 7.019 4.758 -1.081
v 7.115 4.219 -0.529
v 7.286 3.257 0.449
v 5.959 10.71 -0.72
v 6.031 10.306 -1.331
v 5.933 10.852 0.003
v 5.959 10.709 0.726
v 6.031 10.306 1.337
v 6.138 9.704 1.747
v 6.265 8.993 1.891
v 6.391 8.281 1.747
v 6.498 7.679 1.337
v 6.57 7.276 0.725
v 6.596 7.134 0.003
v 6.57 7.276 -0.72
v 6.499 7.678 -1.332
v 6.391 8.281 -1.741
v 6.265 8.993 -1.885
v 6.138 9.704 -1.741
v 5.046 10.131 -1.331
v 5.153 9.529 -1.741
v 5.28 8.817 -1.885
v 5.407 8.106 -1.741
v 5.514 7.503 -1.332
v 5.586 7.101 -0.72
v 5.611 6.959 0.003
v 5.586 7.101 0.725
v 5.407 8.106 1.747
v 5.28 8.817 1.891
v 5.153 9.529 1.747
v 5.046 10.131 1.337
v 4.974 10.534 0.726
v 4.949 10.676 0.003
v 4.974 10.534 -0.72
v 2.929 9.473 1.061
v 2.872 9.793 0.575
v 5.027 10.238 1.446
v 4.949 10.674 0.784
v 2.852 9.905 0.003
v 4.922 10.827 0.002
v 2.872 9.792 -0.57
v 4.949 10.674 -0.779
v 2.929 9.473 -1.055
v 5.027 10.239 -1.441
v 3.014 8.995 -1.38
v 5.143 9.587 -1.883
v 3.114 8.432 -1.493
v 5.28 8.817 -2.039
v 3.214 7.869 -1.38
v 5.417 8.048 -1.883
v 3.3 7.39 -1.055
v 5.533 7.396 -1.441
v 3.356 7.071 -0.569
v 5.611 6.961 -0.779
v 3.376 6.959 0.003
v 5.638 6.807 0.003
v 3.356 7.071 0.575
v 5.611 6.961 0.784
v 3.175 8.087 0.848
v 3.175 8.087 0.848
v 3.262 7.6 0.353
v 3.262 7.6 0.353
v 3.215 7.868 1.385
v 3.114 8.432 1.499
v 5.417 8.048 1.889
v 5.28 8.817 2.044
v 3.014 8.995 1.385
v 5.143 9.587 1.889
v 5.561 7.239 1.206
v 5.561 7.239 1.206
v 5.542 7.346 1.097
v 5.542 7.346 1.097
v 5.491 7.633 1.607
v 5.491 7.633 1.607
v 5.472 7.74 1.498
v 5.472 7.74 1.498
v 5.668 7.531 1.337
v 5.621 7.638 1.414
v 5.286 8.439 0.833
v 5.15 8.439 0.848
v 3.334 7.195 0.764
v 3.334 7.195 0.764
v 5.237 7.952 0.353
v 5.367 7.989 0.375
v 5.47 8.051 0.44
v 5.534 8.129 0.536
v 5.409 8.397 0.791
v 3.864 7.073 0.977
v 4.427 7.047 1.102
v 4.997 7.111 1.138
v 5.376 7.17 1.146
v 5.506 7.206 1.171
v 5.591 7.375 1.127
v 5.654 7.451 1.224
v 5.529 7.72 1.478
v 5.426 7.656 1.628
v 5.289 7.658 1.641
v 4.91 7.598 1.633
v 4.34 7.534 1.597
v 3.777 7.561 1.471
v 3.247 7.683 1.259
v 3.247 7.683 1.259
v 7.28 3.29 1.932
v 7.413 2.544 1.174
usemtl MB_23
s off
f 2551 2550 2651
f 2550 2652 2651
f 3051 3067 2579
f 3067 2580 2579
f 2548 2653 2550
f 2653 2652 2550
f 2571 3057 2546
f 3057 3046 2546
f 2641 2654 2648
f 2654 2651 2648
f 2570 3077 2571
f 3077 3057 2571
f 2611 2610 3038
f 2610 3039 3038
f 2608 3076 2609
f 3076 3056 2609
f 2590 2595 2589
f 2595 2594 2589
f 2607 2606 3011
f 2606 3012 3011
f 3037 2604 3038
f 2604 2611 3038
f 2593 2596 2595
f 2596 2594 2595
f 3027 2619 3047
f 3023 2619 3024
f 3024 2619 3026
f 3031 2619 2634
f 3025 2619 3023
f 2634 2619 2633
f 3069 3017 3062
f 3017 3018 3062
f 3073 3015 3068
f 3015 3016 3068
f 3063 3019 3043
f 3019 3020 3043
f 3159 3153 3161
f 3153 3154 3161
f 3146 3147 3175
f 3147 3177 3175
f 2632 2619 2631
f 2631 2619 2630
f 3026 2619 3027
f 3029 2619 3028
f 2629 2619 3030
f 3028 2619 3025
f 3031 3047 2619
f 2630 2619 2629
f 2633 2619 2632
f 3030 2619 3029
f 3152 3158 3151
f 3158 3189 3151
f 2857 3214 2872
f 3050 2625 3055
f 2625 2624 3055
f 3062 3018 3063
f 3018 3019 3063
f 3151 3189 3150
f 3189 3187 3150
f 3150 3187 3149
f 3187 3186 3149
f 3055 2624 3053
f 2624 2623 3053
f 2856 3198 3215
f 3167 3142 3169
f 3142 3143 3169
f 2935 2545 3184
f 2545 3180 3184
f 3171 3144 3173
f 3144 3145 3173
f 3158 3152 3159
f 3152 3153 3159
f 3068 3016 3069
f 3016 3017 3069
f 3161 3154 3163
f 3154 3155 3163
f 3044 2628 3048
f 2628 2627 3048
f 3169 3143 3171
f 3143 3144 3171
f 3049 2626 3050
f 2626 2625 3050
f 3165 3141 3167
f 3141 3142 3167
f 2533 2923 3182
f 2923 3178 3182
f 3043 3020 3044
f 3020 2628 3044
f 3048 2627 3049
f 2627 2626 3049
f 3145 3146 3173
f 3146 3175 3173
f 3163 3155 3165
f 3155 3141 3165
f 3053 2623 3054
f 2623 2622 3054
f 3214 2857 3215
f 3147 3148 3177
f 3148 3179 3177
f 2688 2644 2686
f 2644 2649 2686
f 3032 3033 2575
f 3033 2577 2575
f 2642 2641 2752
f 2641 2644 2752
f 2649 2644 2648
f 2644 2641 2648
f 2602 2603 2588
f 2603 2599 2588
f 2684 2677 2678
f 2677 2682 2678
f 2645 2692 2646
f 2692 2647 2646
f 2692 2690 2647
f 2690 2691 2647
f 2645 2646 2653
f 2646 2652 2653
f 2714 3046 2711
f 2643 2636 2654
f 2636 2554 2654
f 2603 2601 2599
f 2601 2598 2599
f 2567 2573 2556
f 2573 2574 2556
f 2727 2731 2724
f 2731 2726 2724
f 2744 2737 2682
f 2737 2683 2682
f 2637 2998 2636
f 2998 2997 2636
f 2606 2605 3012
f 2605 3036 3012
f 3011 3032 2607
f 3032 2575 2607
f 2605 2604 3036
f 2604 3037 3036
f 2577 3033 2578
f 3033 3052 2578
f 2579 2580 2583
f 2580 2584 2583
f 2584 2580 2585
f 2580 2569 2585
f 2579 2578 3051
f 2578 3052 3051
f 2609 2612 2608
f 2612 2587 2608
f 2736 2681 2737
f 2681 2683 2737
f 2835 2693 3120
f 2693 2755 3120
f 2693 2687 2686
f 2687 2688 2686
f 2696 2702 2695
f 2702 2701 2695
f 2708 2694 2712
f 2694 2715 2712
f 3109 2759 3107
f 2759 3225 3107
f 2709 2699 2712
f 2699 2708 2712
f 3045 2710 3046
f 2712 2715 2711
f 2715 2714 2711
f 2704 2701 2703
f 2701 2702 2703
f 3041 2703 3040
f 2703 2699 3040
f 2705 2704 3074
f 2704 3075 3074
f 2764 2705 3121
f 2705 3074 3121
f 2731 3076 2722
f 2675 2676 2722
f 2676 2725 2722
f 2719 2735 2718
f 2735 2717 2718
f 2720 2716 2735
f 2716 2717 2735
f 2718 2717 2723
f 2717 2732 2723
f 2731 2727 3076
f 2640 2719 2676
f 2719 2725 2676
f 2716 2721 2717
f 2721 2732 2717
f 2725 2719 2726
f 2719 2718 2726
f 2723 3035 2724
f 3035 3013 2724
f 2749 2745 2738
f 2745 2740 2738
f 2677 2743 2682
f 2743 2744 2682
f 2643 2654 2642
f 2654 2641 2642
f 2776 2740 2775
f 2740 2745 2775
f 2695 2650 2696
f 2650 2655 2696
f 2765 2757 2763
f 2757 2756 2763
f 3101 2756 3103
f 2756 2757 3103
f 2640 2676 2639
f 2676 3000 2639
f 2695 2701 2762
f 2701 2761 2762
f 3046 2710 2711
f 2705 2761 2704
f 2761 2701 2704
f 2702 2696 2708
f 2696 2694 2708
f 2708 2699 2702
f 2699 2703 2702
f 2726 2731 2725
f 2731 2722 2725
f 2726 2718 2724
f 2718 2723 2724
f 2678 2680 2638
f 2680 2639 2638
f 2643 2684 2636
f 2684 2637 2636
f 2559 2566 2557
f 2566 2568 2557
f 2568 2566 2567
f 2566 2573 2567
f 2746 2745 2748
f 2745 2749 2748
f 3096 3064 3095
f 3064 3065 3095
f 3089 3058 3088
f 3058 3059 3088
f 3097 3083 3096
f 3083 3064 3096
f 3090 3082 3089
f 3082 3058 3089
f 3088 3059 3087
f 3059 3079 3087
f 3086 3084 3100
f 3084 3060 3100
f 3099 3061 3098
f 3061 3072 3098
f 3087 3079 3085
f 3079 3080 3085
f 3094 3066 3093
f 3066 3081 3093
f 3095 3065 3094
f 3065 3066 3094
f 3092 3070 3091
f 3070 3071 3091
f 3091 3071 3090
f 3071 3082 3090
f 3100 3060 3099
f 3060 3061 3099
f 3093 3081 3092
f 3081 3070 3092
f 3085 3080 3086
f 3080 3084 3086
f 3098 3072 3097
f 3072 3083 3097
f 3078 3077 2569
f 3077 2570 2569
f 3067 3078 2580
f 3078 2569 2580
f 3039 2610 3056
f 2610 2609 3056
f 2796 2788 2797
f 2793 2788 2794
f 2790 2788 2791
f 2801 2788 2802
f 2791 2788 2792
f 2794 2788 2795
f 2799 2788 2800
f 2803 2788 2804
f 2795 2788 2796
f 2789 2788 2790
f 2797 2788 2798
f 2802 2788 2803
f 2792 2788 2793
f 2800 2788 2801
f 2798 2788 2799
f 2804 2788 2789
f 2550 2551 2995
f 2551 2993 2995
f 2711 2710 2712
f 2710 2709 2712
f 3046 2714 2658
f 2715 2659 2714
f 2659 2658 2714
f 2813 3113 2814
f 3113 2830 2814
f 2811 2827 2812
f 2827 3112 2812
f 2805 3102 2806
f 3102 2822 2806
f 2816 3116 2817
f 3116 3117 2817
f 3116 2816 3115
f 2816 2815 3115
f 2836 3102 2820
f 3102 2805 2820
f 2809 2825 2989
f 2808 3104 2809
f 3104 3105 2809
f 3111 2837 3110
f 2837 2838 3110
f 2834 2818 3117
f 2818 2817 3117
f 3104 2808 2823
f 2808 2807 2823
f 3119 2819 2834
f 2819 2818 2834
f 2836 2820 3119
f 2820 2819 3119
f 3112 3113 2812
f 3113 2813 2812
f 3115 2815 2830
f 2815 2814 2830
f 2823 2807 2822
f 2807 2806 2822
f 2811 2810 2827
f 2810 2826 2827
f 3110 2838 2828
f 2838 2839 2828
f 2709 3042 2699
f 3042 3040 2699
f 3045 3042 2710
f 3042 2709 2710
f 2824 2758 2988
f 2758 2987 2988
f 2685 2650 2762
f 2650 2695 2762
f 3103 2757 2824
f 2757 2758 2824
f 2703 3041 2704
f 3041 3075 2704
f 2762 2763 2685
f 2763 2689 2685
f 2763 2756 2689
f 2756 2754 2689
f 2764 2758 2765
f 2758 2757 2765
f 2758 2764 2987
f 2764 3121 2987
f 2705 2764 2761
f 2764 2765 2761
f 2761 2765 2762
f 2765 2763 2762
f 2688 2687 2778
f 2687 2753 2778
f 2833 2753 3118
f 2753 2687 3118
f 3118 2687 2835
f 2687 2693 2835
f 2652 2646 2651
f 2646 2648 2651
f 2646 2647 2648
f 2647 2649 2648
f 2554 2551 2654
f 2551 2651 2654
f 2686 2649 2691
f 2649 2647 2691
f 2691 2755 2686
f 2755 2693 2686
f 2548 2547 2653
f 2547 2655 2653
f 2685 2692 2650
f 2692 2645 2650
f 2689 2690 2685
f 2690 2692 2685
f 2650 2645 2655
f 2645 2653 2655
f 2655 2547 2696
f 2547 2694 2696
f 2715 2694 2659
f 2694 2547 2659
f 2755 2691 2690
f 2689 2754 2690
f 2754 2755 2690
f 2637 2684 2638
f 2684 2678 2638
f 2563 2560 2562
f 2560 2561 2562
f 2553 2556 2552
f 2556 2574 2552
f 2564 2561 2582
f 2561 2581 2582
f 2614 2593 2613
f 2593 2595 2613
f 2551 2554 2993
f 2554 2996 2993
f 2821 2754 3101
f 2754 2756 3101
f 3120 2755 2821
f 2755 2754 2821
f 2716 2720 2774
f 2774 2720 2736
f 2720 2681 2736
f 2829 2784 3114
f 2784 2785 3114
f 2784 2783 2785
f 2783 2777 2785
f 2776 2775 2783
f 2775 2777 2783
f 2778 2752 2688
f 2752 2644 2688
f 2828 2839 2829
f 2839 2784 2829
f 2563 2602 2560
f 2602 2588 2560
f 2749 2738 2747
f 2738 2739 2747
f 2601 2600 2598
f 2600 2597 2598
f 2787 2785 2780
f 2785 2777 2780
f 2565 2555 2564
f 2555 2558 2564
f 2779 2781 2778
f 2781 2752 2778
f 2775 2782 2777
f 2782 2780 2777
f 2742 2741 2748
f 2741 2746 2748
f 2750 2751 2743
f 2751 2744 2743
f 2742 2748 2750
f 2748 2751 2750
f 2751 2747 2744
f 2747 2737 2744
f 2746 2741 2782
f 2741 2781 2782
f 2748 2749 2751
f 2749 2747 2751
f 2745 2746 2775
f 2746 2782 2775
f 2565 2559 2555
f 2559 2557 2555
f 2786 2787 2779
f 2787 2780 2779
f 2782 2781 2780
f 2781 2779 2780
f 2558 2562 2564
f 2562 2561 2564
f 2597 2600 2593
f 2600 2596 2593
f 2832 2786 2833
f 2786 2753 2833
f 2779 2778 2786
f 2778 2753 2786
f 3114 2785 2831
f 2785 2787 2831
f 2831 2787 2832
f 2787 2786 2832
f 2737 2747 2736
f 2747 2739 2736
f 3076 2675 2722
f 3014 3076 2727
f 2591 2590 2592
f 2590 2589 2592
f 2591 3004 2587
f 3004 3002 2587
f 2585 2586 2566
f 2586 2573 2566
f 2604 2618 2611
f 2618 2614 2611
f 2617 2618 2605
f 2618 2604 2605
f 2576 2575 2581
f 2575 2577 2581
f 2615 2616 2607
f 2616 2606 2607
f 2586 2570 2572
f 2570 2571 2572
f 2585 2566 2584
f 2566 2559 2584
f 2549 2552 2572
f 2552 2574 2572
f 2572 2574 2586
f 2574 2573 2586
f 2577 2578 2581
f 2578 2582 2581
f 2576 2615 2575
f 2615 2607 2575
f 2576 2560 2615
f 2560 2588 2615
f 2561 2560 2581
f 2560 2576 2581
f 2583 2584 2565
f 2584 2559 2565
f 2599 2598 2616
f 2598 2617 2616
f 2588 2599 2615
f 2599 2616 2615
f 2613 2612 2610
f 2612 2609 2610
f 2611 2614 2610
f 2614 2613 2610
f 2597 2593 2618
f 2593 2614 2618
f 2569 2570 2585
f 2570 2586 2585
f 2612 2590 2587
f 2590 2591 2587
f 2613 2595 2612
f 2595 2590 2612
f 2598 2597 2617
f 2597 2618 2617
f 2565 2564 2583
f 2564 2582 2583
f 2616 2617 2606
f 2617 2605 2606
f 2582 2578 2583
f 2578 2579 2583
f 2549 2572 2546
f 2572 2571 2546
f 2550 2995 2548
f 2995 2994 2548
f 2547 2548 2659
f 2548 2994 2659
f 2678 2682 2680
f 2682 2683 2680
f 2659 2994 2658
f 2994 3008 2658
f 2639 2680 2640
f 2680 2679 2640
f 2681 2679 2683
f 2679 2680 2683
f 2587 3002 2608
f 3002 3006 2608
f 2721 3122 2732
f 3122 3034 2732
f 2844 2842 2772
f 2842 2770 2772
f 2767 2769 2721
f 2769 2766 2721
f 2740 2772 2738
f 2772 2771 2738
f 2719 2640 2735
f 2640 2679 2735
f 3014 2727 3013
f 2727 2724 3013
f 2732 3034 2723
f 3034 3035 2723
f 3199 3198 2856
f 2767 2721 2716
f 2679 2681 2735
f 2681 2720 2735
f 2846 3124 2841
f 3124 3123 2841
f 2842 2841 2770
f 2841 2768 2770
f 2738 2771 2739
f 2771 2773 2739
f 2736 2739 2774
f 2739 2773 2774
f 2771 2769 2773
f 2769 2767 2773
f 2837 2990 2846
f 2990 3124 2846
f 2773 2767 2774
f 2767 2716 2774
f 2841 3123 2768
f 3123 3122 2768
f 2838 2837 2845
f 2837 2846 2845
f 2845 2846 2842
f 2846 2841 2842
f 2771 2772 2769
f 2772 2770 2769
f 2769 2770 2766
f 2770 2768 2766
f 2847 2845 2844
f 2845 2842 2844
f 2844 2772 2776
f 2772 2740 2776
f 2839 2838 2847
f 2838 2845 2847
f 2839 2847 2784
f 2847 2783 2784
f 2783 2847 2776
f 2847 2844 2776
f 2733 2840 2706
f 2840 2992 2706
f 2858 2734 2700
f 2734 2707 2700
f 3129 3130 2673
f 3130 2674 2673
f 2670 3128 2672
f 3128 3129 2672
f 2706 2707 2733
f 2707 2734 2733
f 2858 3136 2734
f 3136 2728 2734
f 3139 3138 2877
f 3138 2876 2877
f 3135 2857 2873
f 2857 2872 2873
f 2669 2850 2670
f 2850 3128 2670
f 2863 2662 2661
f 3127 2849 2866
f 2849 2865 2866
f 3137 2859 2875
f 2859 2874 2875
f 2700 2698 2858
f 2698 3134 2858
f 2851 3127 2867
f 3127 2866 2867
f 2863 3126 2662
f 3126 2663 2662
f 2657 2656 3131
f 2656 3130 3131
f 2848 3140 2864
f 3140 2878 2864
f 2698 2697 3134
f 2697 3133 3134
f 3126 3125 2665
f 3125 2664 2665
f 2853 2852 2869
f 2852 2868 2869
f 2665 2663 3126
f 3132 2854 2871
f 2854 2870 2871
f 2697 2713 3133
f 2713 2855 3133
f 2713 2657 2855
f 2657 3131 2855
f 3207 2635 3206
f 2859 3135 2874
f 3135 2873 2874
f 2667 2664 3125
f 2861 2862 2730
f 2862 2660 2730
f 3140 3139 2878
f 3139 2877 2878
f 2666 3125 2668
f 3125 2850 2668
f 3138 3137 2876
f 3137 2875 2876
f 2840 2843 2992
f 2843 2991 2992
f 3130 2656 2674
f 2860 2861 2729
f 2861 2730 2729
f 3129 2673 2671
f 2728 3136 2729
f 3136 2860 2729
f 2854 2853 2870
f 2853 2869 2870
f 2669 2668 2850
f 2666 2667 3125
f 2849 2848 2865
f 2848 2864 2865
f 2862 2863 2660
f 2863 2661 2660
f 2672 3129 2671
f 2852 2851 2868
f 2851 2867 2868
f 2642 2742 2750
f 2642 2752 2741
f 2752 2781 2741
f 2750 2743 2642
f 2743 2677 2642
f 2642 2741 2742
f 2677 2684 2642
f 2684 2643 2642
f 2879 2563 2562
f 2879 2603 2602
f 2601 2603 2879
f 2601 2879 2600
f 2600 2879 2596
f 2596 2879 2594
f 2594 2879 2589
f 2589 2879 2592
f 2879 2562 2558
f 2553 2879 2556
f 2879 2558 2555
f 2556 2879 2567
f 2879 2555 2557
f 2567 2879 2568
f 2568 2879 2557
f 2879 2602 2563
f 3156 2882 3157
f 2882 2886 3157
f 2940 2881 2941
f 2881 2885 2941
f 2881 2880 2885
f 2880 2884 2885
f 3157 2886 3160
f 2886 2890 3160
f 2941 2885 2942
f 2885 2889 2942
f 2885 2884 2889
f 2884 2888 2889
f 3160 2890 3162
f 2890 2894 3162
f 2942 2889 2943
f 2889 2893 2943
f 2889 2888 2893
f 2888 2892 2893
f 3162 2894 3164
f 2894 2898 3164
f 2943 2893 2944
f 2893 2897 2944
f 2893 2892 2897
f 2892 2896 2897
f 3164 2898 3166
f 2898 2902 3166
f 2944 2897 2945
f 2897 2901 2945
f 2897 2896 2901
f 2896 2900 2901
f 3166 2902 3168
f 2902 2906 3168
f 2945 2901 2946
f 2901 2905 2946
f 2901 2900 2905
f 2900 2904 2905
f 3168 2906 3170
f 2906 2910 3170
f 2946 2905 2947
f 2905 2909 2947
f 2905 2904 2909
f 2904 2908 2909
f 3170 2910 3172
f 2910 2914 3172
f 2947 2909 2948
f 2909 2913 2948
f 2909 2908 2913
f 2908 2912 2913
f 3172 2914 3174
f 2914 2918 3174
f 2948 2913 2949
f 2913 2917 2949
f 2913 2912 2917
f 2912 2916 2917
f 3174 2918 3176
f 2918 2922 3176
f 2949 2917 2950
f 2917 2921 2950
f 2917 2916 2921
f 2916 2920 2921
f 3176 2922 2927
f 2922 2926 2927
f 2950 2921 2951
f 2921 2925 2951
f 2921 2920 2925
f 2920 2924 2925
f 3015 3073 3204
f 3073 3183 3204
f 3015 3204 2635
f 2857 2856 3215
f 3054 2622 3181
f 2622 3201 3181
f 3132 2871 3216
f 3216 3199 3132
f 2931 2930 3185
f 2930 2934 3185
f 2952 2929 2953
f 2929 2933 2953
f 2929 2928 2933
f 2928 2932 2933
f 3185 2934 3188
f 2934 2938 3188
f 2953 2933 2954
f 2933 2937 2954
f 2933 2932 2937
f 2932 2936 2937
f 3188 2938 3156
f 2938 2882 3156
f 2954 2937 2940
f 2937 2881 2940
f 2937 2936 2881
f 2936 2880 2881
f 2911 2915 2536
f 2915 2535 2536
f 2543 2883 2542
f 2883 2887 2542
f 2537 2538 2907
f 2538 2903 2907
f 2535 2915 2534
f 2915 2919 2534
f 2923 2533 2919
f 2533 2534 2919
f 2939 2883 2544
f 2883 2543 2544
f 2871 3196 3216
f 2899 2539 2895
f 2539 2540 2895
f 3214 3192 2872
f 2895 2540 2891
f 2540 2541 2891
f 2939 2544 2935
f 2544 2545 2935
f 2891 2541 2887
f 2541 2542 2887
f 3132 3199 2856
f 2907 2911 2537
f 2911 2536 2537
f 2899 2903 2539
f 2903 2538 2539
f 2938 2954 2882
f 2954 2940 2882
f 2934 2953 2938
f 2953 2954 2938
f 2930 2952 2934
f 2952 2953 2934
f 3148 3193 3179
f 3193 3190 3179
f 3186 3194 3149
f 3194 3197 3149
f 2922 2950 2926
f 2950 2951 2926
f 2918 2949 2922
f 2949 2950 2922
f 2914 2948 2918
f 2948 2949 2918
f 2910 2947 2914
f 2947 2948 2914
f 2906 2946 2910
f 2946 2947 2910
f 2902 2945 2906
f 2945 2946 2906
f 2898 2944 2902
f 2944 2945 2902
f 2894 2943 2898
f 2943 2944 2898
f 2890 2942 2894
f 2942 2943 2894
f 2886 2941 2890
f 2941 2942 2890
f 2882 2940 2886
f 2940 2941 2886
f 3178 3202 3182
f 3184 3180 3223
f 3200 3201 2621
f 3206 2635 3205
f 3208 2621 3022
f 2621 3201 2622
f 3022 2621 3021
f 2621 2620 3021
f 2621 3208 3200
f 3205 2635 3204
f 2635 3207 2620
f 3207 3021 2620
f 2926 3209 2927
f 3209 3203 2927
f 2951 3210 2926
f 3210 3209 2926
f 2925 3211 2951
f 3211 3210 2951
f 2924 3212 2925
f 3212 3211 2925
f 3212 2924 3213
f 2924 3191 3213
f 3195 2928 3217
f 3217 2928 3218
f 2929 3219 2928
f 3219 3218 2928
f 2952 3220 2929
f 3220 3219 2929
f 2930 3221 2952
f 3221 3220 2952
f 2931 3222 2930
f 3222 3221 2930
f 2960 2959 2976
f 2959 2975 2976
f 2961 2960 2977
f 2960 2976 2977
f 2959 2958 2975
f 2958 2974 2975
f 2962 2961 2978
f 2961 2977 2978
f 2964 2963 2982
f 2963 2981 2982
f 2957 2956 2971
f 2956 2970 2971
f 2972 2973 2971
f 2971 2973 2957
f 2958 2957 2974
f 2957 2973 2974
f 2963 2962 2979
f 2962 2978 2979
f 2980 2981 2979
f 2981 2963 2979
f 2964 2982 2983
f 2964 2984 2965
f 2984 2985 2965
f 2966 2967 2955
f 2967 2956 2955
f 2984 2964 2983
f 2985 2986 2965
f 2956 2967 2968
f 2970 2956 2969
f 2956 2968 2969
f 2658 3008 3046
f 3008 2546 3046
f 3006 2675 2608
f 2675 3076 2608
f 2991 2843 2759
f 2843 3225 2759
f 3106 3224 3109
f 3224 2759 3109
f 3108 2990 3111
f 2990 2837 3111
f 2760 2991 3224
f 2991 2759 3224
f 2992 2991 2706
f 2991 2760 2706
f 3122 2721 2768
f 2721 2766 2768
f 2994 2995 3008
f 2995 3010 3008
f 2995 2993 3010
f 2993 3007 3010
f 2999 2998 2638
f 2998 2637 2638
f 2997 2996 2636
f 2996 2554 2636
f 2996 3001 3003
f 3007 2993 2996
f 3003 3009 3007
f 2996 3003 3007
f 3000 2999 2639
f 2999 2638 2639
f 2997 2998 3005
f 2998 3004 3005
f 2997 3005 3001
f 3002 3004 2999
f 3004 2998 2999
f 3001 2996 2997
f 3006 3002 3000
f 3002 2999 3000
f 3000 2676 3006
f 2676 2675 3006
f 3005 3004 2592
f 3004 2591 2592
f 3009 3003 3001
f 3001 2879 2553
f 3001 2553 3009
f 3001 3005 2879
f 3005 2592 2879
f 3008 3010 2546
f 3010 2549 2546
f 3007 3009 2552
f 3009 2553 2552
f 3010 3007 2549
f 3007 2552 2549
f 2989 2826 2809
f 2826 2810 2809
f 2809 3105 2825
o Part.5
v 10.552 3.172 1.831
v 10.532 3.117 1.881
v 10.514 3.216 1.781
v 10.405 3.475 2.156
v 10.389 3.413 2.198
v 10.371 3.512 2.098
v 10.101 3.7 2.431
v 10.092 3.633 2.467
v 10.074 3.731 2.367
v 9.685 3.813 2.615
v 9.686 3.743 2.646
v 9.669 3.841 2.546
v 9.959 2.271 1.046
v 9.954 2.238 1.115
v 9.936 2.337 1.015
v 10.311 2.52 1.23
v 10.297 2.482 1.295
v 10.279 2.58 1.195
v 10.519 2.836 1.505
v 10.5 2.79 1.563
v 10.482 2.889 1.464
v 10.138 1.051 2.406
v 10.46 1.28 2.576
v 10.65 1.57 2.829
v 10.681 1.877 3.126
v 10.546 2.155 3.424
v 10.267 2.361 3.677
v 9.886 2.465 3.846
v 9.214 5.232 -1.261
v 9.4 5.365 -1.164
v 9.511 5.532 -1.017
v 9.527 5.711 -0.845
v 9.45 5.872 -0.672
v 9.289 5.991 -0.526
v 9.068 6.051 -0.428
v 9.799 4.993 -1.191
v 9.477 4.764 -1.36
v 9.225 6.178 0.079
v 9.606 6.074 -0.089
v 9.885 5.868 -0.342
v 10.019 5.59 -0.641
v 9.989 5.283 -0.938
v 10.22 2.627 1.207
v 9.646 3.812 2.477
v 10.306 3.503 2.056
v 10.41 2.917 1.46
v 9.898 2.398 1.038
v 10.027 3.708 2.308
v 10.441 3.224 1.757
v 10.245 2.487 1.349
v 9.671 3.671 2.62
v 10.331 3.362 2.198
v 10.435 2.776 1.602
v 9.923 2.258 1.181
v 10.052 3.568 2.451
v 10.466 3.084 1.9
v 10.431 -0.633 3.217
v 10.835 -0.702 3.297
v 11.2 -0.861 3.424
v 11.501 -1.098 3.589
v 11.716 -1.4 3.781
v 11.833 -1.743 3.988
v 11.836 -2.072 4.254
v 11.881 -2.327 4.578
v 10.528 0.15 2.783
v 11.16 0.042 2.907
v 11.73 -0.206 3.106
v 12.2 -0.578 3.364
v 12.537 -1.048 3.665
v 12.719 -1.586 3.988
v 12.721 -2.082 4.435
v 11.911 -2.494 6.373
v 12.279 -0.308 8.297
v 12.349 0.01 8.124
v 12.334 0.576 7.801
v 12.152 1.114 7.478
v 11.815 1.584 7.177
v 11.345 1.956 6.918
v 10.775 2.204 6.72
v 10.143 2.312 6.595
v 11.516 -0.273 8.2
v 11.457 0.056 8.007
v 11.448 0.419 7.801
v 11.331 0.762 7.594
v 11.116 1.064 7.401
v 10.815 1.301 7.236
v 10.45 1.46 7.11
v 10.046 1.529 7.03
v 12.124 -0.649 8.475
v 11.929 -2.594 5.209
v 11.599 -0.743 8.475
v 12.086 -2.584 6.087
v 11.932 -2.611 6.087
v 10.275 0.89 2.224
v 10.679 1.178 2.436
v 10.918 1.54 2.753
v 10.956 1.926 3.126
v 10.788 2.275 3.5
v 10.438 2.535 3.817
v 10.968 1.118 4.804
v 10.499 2.231 4.126
v 10.24 2.585 3.899
v 10.337 1.225 4.68
v 10.407 0.205 2.886
v 10.852 0.323 3.271
v 11.136 0.501 3.787
v 11.209 0.734 4.337
v 11.045 1.051 4.765
v 12.634 -2.297 4.792
v 12.455 -2.501 5.209
v 11.981 -2.482 6.373
v 11.713 -1.381 8.337
v 11.636 -0.946 8.554
v 11.693 -1.269 8.466
v 11.666 -1.116 8.543
v 11.784 -1.368 8.337
v 11.857 -1.082 8.543
v 11.795 -1.251 8.466
v 11.94 -2.655 5.604
v 12.28 -2.595 5.604
v 11.939 -2.65 5.816
v 12.186 -2.606 5.816
v 11.959 -0.889 8.554
v 9.341 5.083 -1.431
v 9.453 4.862 -1.439
v 9.412 4.967 -1.475
v 9.603 5.27 -1.293
v 9.77 5.088 -1.273
v 9.712 5.18 -1.318
v 9.758 5.506 -1.088
v 9.957 5.373 -1.024
v 9.891 5.451 -1.082
v 9.782 5.757 -0.845
v 9.988 5.676 -0.731
v 9.919 5.738 -0.803
v 9.673 5.982 -0.602
v 9.855 5.95 -0.437
v 9.793 5.998 -0.526
v 9.446 6.151 -0.396
v 9.58 6.153 -0.187
v 9.533 6.19 -0.29
v 9.136 6.235 -0.259
v 9.205 6.255 -0.021
v 9.177 6.287 -0.132
v 8.189 2.751 1.831
v 8.226 2.706 1.881
v 8.209 2.806 1.781
v 8.222 3.086 2.156
v 8.258 3.034 2.198
v 8.241 3.132 2.098
v 8.429 3.402 2.431
v 8.461 3.343 2.467
v 8.444 3.441 2.367
v 8.781 3.652 2.615
v 8.804 3.586 2.646
v 8.786 3.684 2.546
v 9.056 2.11 1.046
v 9.072 2.081 1.115
v 9.054 2.18 1.015
v 8.639 2.222 1.23
v 8.666 2.191 1.295
v 8.649 2.29 1.195
v 8.335 2.448 1.505
v 8.369 2.41 1.563
v 8.352 2.509 1.464
v 9.309 0.904 2.406
v 8.928 1.007 2.576
v 8.65 1.214 2.829
v 8.515 1.491 3.126
v 8.545 1.799 3.424
v 8.735 2.088 3.677
v 9.057 2.317 3.846
v 8.733 5.147 -1.261
v 8.512 5.206 -1.164
v 8.351 5.326 -1.017
v 8.273 5.488 -0.845
v 8.29 5.665 -0.672
v 8.401 5.833 -0.526
v 8.587 5.966 -0.428
v 8.267 4.72 -1.191
v 8.648 4.617 -1.36
v 8.396 6.03 0.079
v 8.074 5.802 -0.089
v 7.884 5.512 -0.342
v 7.853 5.204 -0.641
v 7.988 4.926 -0.938
v 8.688 2.354 1.208
v 8.817 3.665 2.477
v 8.305 3.146 2.056
v 8.41 2.561 1.46
v 9.069 2.251 1.038
v 8.496 3.436 2.308
v 8.275 2.839 1.757
v 8.713 2.214 1.349
v 8.842 3.524 2.62
v 8.33 3.006 2.198
v 8.435 2.42 1.602
v 9.094 2.111 1.181
v 8.521 3.295 2.451
v 8.3 2.698 1.9
v 9.616 -0.778 3.217
v 9.26 -0.983 3.297
v 8.973 -1.257 3.424
v 8.772 -1.584 3.589
v 8.674 -1.942 3.781
v 8.683 -2.304 3.988
v 8.794 -2.614 4.254
v 8.839 -2.869 4.578
v 9.254 -0.077 2.783
v 8.699 -0.396 2.907
v 8.249 -0.826 3.106
v 7.937 -1.337 3.364
v 7.782 -1.895 3.665
v 7.797 -2.462 3.988
v 7.966 -2.929 4.435
v 8.869 -3.036 6.373
v 7.77 -1.111 8.297
v 7.594 -0.837 8.124
v 7.412 -0.3 7.801
v 7.397 0.267 7.478
v 7.552 0.825 7.177
v 7.864 1.336 6.918
v 8.314 1.766 6.72
v 8.869 2.085 6.595
v 8.474 -0.815 8.2
v 8.415 -0.486 8.007
v 8.298 -0.142 7.801
v 8.289 0.22 7.594
v 8.387 0.578 7.402
v 8.588 0.905 7.236
v 8.875 1.179 7.11
v 9.231 1.384 7.03
v 8.032 -1.378 8.475
v 8.887 -3.136 5.209
v 8.557 -1.284 8.475
v 8.736 -3.18 6.087
v 8.89 -3.153 6.087
v 9.236 0.705 2.224
v 8.758 0.835 2.436
v 8.408 1.093 2.753
v 8.239 1.442 3.126
v 8.277 1.828 3.5
v 8.516 2.192 3.817
v 8.507 0.68 4.804
v 8.563 1.887 4.126
v 8.684 2.308 3.899
v 9.063 0.999 4.68
v 9.349 0.017 2.886
v 8.891 -0.026 3.271
v 8.562 0.043 3.787
v 8.413 0.236 4.337
v 8.458 0.59 4.765
v 8.123 -3.1 4.792
v 8.361 -3.23 5.209
v 8.799 -3.049 6.373
v 8.671 -1.923 8.337
v 8.593 -1.488 8.554
v 8.651 -1.811 8.466
v 8.624 -1.658 8.543
v 8.6 -1.935 8.337
v 8.433 -1.692 8.543
v 8.548 -1.829 8.466
v 8.898 -3.197 5.604
v 8.558 -3.258 5.604
v 8.897 -3.192 5.816
v 8.65 -3.236 5.816
v 8.27 -1.546 8.554
v 9.222 3.796 2.68
v 9.234 3.726 2.71
v 9.217 3.825 2.609
v 9.519 2.127 0.982
v 9.524 2.097 1.052
v 9.506 2.197 0.952
v 9.734 0.919 2.348
v 8.822 6.042 -0.394
v 8.979 5.156 -1.296
v 9.073 4.632 -1.419
v 8.8 6.162 0.138
v 8.9 5.6 -0.845
v 9.494 2.267 0.979
v 9.222 3.796 2.537
v 9.519 2.126 1.122
v 9.246 3.656 2.679
v 10.015 -0.659 3.189
v 9.493 2.271 6.553
v 9.63 1.503 7.002
v 9.769 0.725 2.149
v 9.462 2.446 3.899
v 9.687 1.185 4.637
v 9.878 0.109 2.74
v 8.665 4.963 -1.431
v 8.636 4.717 -1.439
v 8.638 4.829 -1.475
v 8.355 5.048 -1.293
v 8.261 4.819 -1.273
v 8.283 4.926 -1.318
v 8.128 5.215 -1.088
v 7.986 5.022 -1.024
v 8.022 5.118 -1.082
v 8.018 5.442 -0.845
v 7.853 5.296 -0.731
v 7.897 5.378 -0.803
v 8.043 5.692 -0.602
v 7.884 5.599 -0.437
v 7.925 5.665 -0.526
v 8.198 5.929 -0.396
v 8.072 5.884 -0.187
v 8.103 5.936 -0.29
v 8.46 6.115 -0.259
v 8.388 6.11 -0.021
v 8.403 6.149 -0.132
v 8.79 6.222 -0.21
v 8.786 6.24 0.036
v 8.78 6.273 -0.076
v 9.055 4.732 -1.498
v 9.011 4.976 -1.479
v 9.035 4.844 -1.53
v 10.138 1.051 2.406
v 9.734 0.919 2.348
v 10.46 1.28 2.576
v 10.65 1.57 2.829
v 10.681 1.877 3.126
v 10.546 2.155 3.424
v 10.267 2.361 3.677
v 9.886 2.465 3.846
v 9.898 2.398 1.038
v 10.22 2.627 1.207
v 10.027 3.708 2.308
v 9.646 3.812 2.477
v 10.441 3.224 1.757
v 10.306 3.503 2.056
v 10.41 2.917 1.46
v 9.494 2.267 0.979
v 9.222 3.796 2.537
v 10.435 2.776 1.602
v 10.466 3.084 1.9
v 10.331 3.362 2.198
v 10.052 3.568 2.451
v 9.671 3.671 2.62
v 9.246 3.656 2.679
v 9.519 2.126 1.122
v 9.923 2.258 1.181
v 10.245 2.487 1.349
v 10.015 -0.659 3.189
v 10.431 -0.633 3.217
v 10.835 -0.702 3.297
v 11.2 -0.861 3.424
v 11.501 -1.098 3.589
v 11.716 -1.4 3.781
v 11.833 -1.743 3.988
v 11.836 -2.072 4.254
v 11.836 -2.072 4.254
v 11.881 -2.327 4.578
v 10.528 0.15 2.783
v 11.16 0.042 2.907
v 11.73 -0.206 3.106
v 12.2 -0.578 3.364
v 12.537 -1.048 3.665
v 12.719 -1.586 3.988
v 12.721 -2.082 4.435
v 12.279 -0.308 8.297
v 12.349 0.01 8.124
v 12.334 0.576 7.801
v 12.152 1.114 7.478
v 11.815 1.584 7.177
v 11.345 1.956 6.918
v 10.775 2.204 6.72
v 10.143 2.312 6.595
v 10.852 0.323 3.271
v 10.407 0.205 2.886
v 9.493 2.271 6.553
v 11.516 -0.273 8.2
v 11.457 0.056 8.007
v 11.457 0.056 8.007
v 11.448 0.419 7.801
v 11.331 0.762 7.594
v 11.116 1.064 7.401
v 10.815 1.301 7.236
v 10.45 1.46 7.11
v 10.046 1.529 7.03
v 9.63 1.503 7.002
v 12.124 -0.649 8.475
v 11.929 -2.594 5.209
v 11.599 -0.743 8.475
v 11.981 -2.482 6.373
v 12.086 -2.584 6.087
v 12.634 -2.297 4.792
v 11.911 -2.494 6.373
v 11.932 -2.611 6.087
v 11.939 -2.65 5.816
v 10.275 0.89 2.224
v 9.769 0.725 2.149
v 10.679 1.178 2.436
v 10.918 1.54 2.753
v 10.956 1.926 3.126
v 10.788 2.275 3.5
v 10.438 2.535 3.817
v 9.462 2.446 3.899
v 9.462 2.446 3.899
v 9.462 2.446 3.899
v 10.24 2.585 3.899
v 10.24 2.585 3.899
v 10.499 2.231 4.126
v 9.687 1.185 4.637
v 10.337 1.225 4.68
v 9.878 0.109 2.74
v 9.878 0.109 2.74
v 9.878 0.109 2.74
v 11.136 0.501 3.787
v 11.209 0.734 4.337
v 11.045 1.051 4.765
v 10.968 1.118 4.804
v 10.968 1.118 4.804
v 12.455 -2.501 5.209
v 12.186 -2.606 5.816
v 11.693 -1.269 8.466
v 11.713 -1.381 8.337
v 11.784 -1.368 8.337
v 11.795 -1.251 8.466
v 11.666 -1.116 8.543
v 11.857 -1.082 8.543
v 11.94 -2.655 5.604
v 12.28 -2.595 5.604
v 11.636 -0.946 8.554
v 11.959 -0.889 8.554
v 9.309 0.904 2.406
v 8.928 1.007 2.576
v 8.65 1.214 2.829
v 8.515 1.491 3.126
v 8.545 1.799 3.424
v 8.735 2.088 3.677
v 9.057 2.317 3.846
v 9.069 2.251 1.038
v 8.688 2.354 1.208
v 8.496 3.436 2.308
v 8.817 3.665 2.477
v 8.275 2.839 1.757
v 8.305 3.146 2.056
v 8.41 2.561 1.46
v 8.435 2.42 1.602
v 8.3 2.698 1.9
v 8.33 3.006 2.198
v 8.521 3.295 2.451
v 8.842 3.524 2.62
v 9.094 2.111 1.181
v 8.713 2.214 1.349
v 9.616 -0.778 3.217
v 9.26 -0.983 3.297
v 8.973 -1.257 3.424
v 8.772 -1.584 3.589
v 8.674 -1.942 3.781
v 8.683 -2.304 3.988
v 8.794 -2.614 4.254
v 8.794 -2.614 4.254
v 8.839 -2.869 4.578
v 9.254 -0.077 2.783
v 8.699 -0.396 2.907
v 8.249 -0.826 3.106
v 7.937 -1.337 3.364
v 7.782 -1.895 3.665
v 7.797 -2.462 3.988
v 7.966 -2.929 4.435
v 7.77 -1.111 8.297
v 7.594 -0.837 8.124
v 7.412 -0.3 7.801
v 7.397 0.267 7.478
v 7.552 0.825 7.177
v 7.864 1.336 6.918
v 8.314 1.766 6.72
v 8.869 2.085 6.595
v 8.891 -0.026 3.271
v 9.349 0.017 2.886
v 8.474 -0.815 8.2
v 8.415 -0.486 8.007
v 8.415 -0.486 8.007
v 8.298 -0.142 7.801
v 8.289 0.22 7.594
v 8.387 0.578 7.402
v 8.588 0.905 7.236
v 8.875 1.179 7.11
v 9.231 1.384 7.03
v 8.032 -1.378 8.475
v 8.887 -3.136 5.209
v 8.557 -1.284 8.475
v 8.799 -3.049 6.373
v 8.736 -3.18 6.087
v 8.123 -3.1 4.792
v 8.869 -3.036 6.373
v 8.89 -3.153 6.087
v 8.897 -3.192 5.816
v 9.236 0.705 2.224
v 8.758 0.835 2.436
v 8.408 1.093 2.753
v 8.239 1.442 3.126
v 8.277 1.828 3.5
v 8.516 2.192 3.817
v 8.684 2.308 3.899
v 8.684 2.308 3.899
v 8.563 1.887 4.126
v 9.063 0.999 4.68
v 8.562 0.043 3.787
v 8.413 0.236 4.337
v 8.458 0.59 4.765
v 8.507 0.68 4.804
v 8.507 0.68 4.804
v 8.361 -3.23 5.209
v 8.65 -3.236 5.816
v 8.651 -1.811 8.466
v 8.671 -1.923 8.337
v 8.6 -1.935 8.337
v 8.548 -1.829 8.466
v 8.624 -1.658 8.543
v 8.433 -1.692 8.543
v 8.898 -3.197 5.604
v 8.558 -3.258 5.604
v 8.593 -1.488 8.554
v 8.27 -1.546 8.554
usemtl MB_24
s off
f 3226 3227 3244
f 3227 3245 3244
f 3245 3227 3560
f 3227 3561 3560
f 3494 3236 3493
f 3236 3235 3493
f 3555 3228 3557
f 3228 3246 3557
f 3228 3226 3246
f 3226 3244 3246
f 3242 3245 3568
f 3245 3560 3568
f 3234 3232 3231
f 3232 3229 3231
f 3237 3235 3234
f 3235 3232 3234
f 3236 3233 3235
f 3233 3232 3235
f 3551 3552 3240
f 3552 3243 3240
f 3555 3556 3228
f 3556 3231 3228
f 3226 3228 3229
f 3228 3231 3229
f 3243 3241 3240
f 3241 3238 3240
f 3233 3230 3232
f 3230 3229 3232
f 3245 3242 3244
f 3242 3241 3244
f 3246 3244 3243
f 3244 3241 3243
f 3557 3246 3552
f 3246 3243 3552
f 3566 3497 3567
f 3497 3239 3567
f 3563 3233 3564
f 3233 3236 3564
f 3551 3240 3558
f 3240 3498 3558
f 3554 3559 3237
f 3559 3495 3237
f 3564 3236 3565
f 3236 3494 3565
f 3495 3493 3237
f 3493 3235 3237
f 3553 3554 3234
f 3554 3237 3234
f 3239 3242 3567
f 3242 3568 3567
f 3561 3227 3562
f 3227 3230 3562
f 3227 3226 3230
f 3226 3229 3230
f 3562 3230 3563
f 3230 3233 3563
f 3556 3553 3231
f 3553 3234 3231
f 3240 3238 3498
f 3238 3496 3498
f 3239 3497 3238
f 3497 3496 3238
f 3262 3502 3350
f 3502 3540 3350
f 3537 3367 3500
f 3367 3260 3500
f 3364 3361 3259
f 3361 3258 3259
f 3358 3355 3257
f 3355 3256 3257
f 3352 3349 3255
f 3349 3254 3255
f 3367 3364 3260
f 3364 3259 3260
f 3361 3358 3258
f 3358 3257 3258
f 3264 3265 3365
f 3265 3362 3365
f 3266 3267 3359
f 3267 3356 3359
f 3355 3352 3256
f 3352 3255 3256
f 3263 3264 3368
f 3264 3365 3368
f 3265 3266 3362
f 3266 3359 3362
f 3267 3261 3356
f 3261 3353 3356
f 3261 3262 3353
f 3262 3350 3353
f 3503 3263 3538
f 3263 3368 3538
f 3274 3271 3266
f 3271 3267 3266
f 3273 3270 3264
f 3270 3265 3264
f 3506 3269 3503
f 3269 3263 3503
f 3272 3505 3262
f 3505 3502 3262
f 3271 3268 3267
f 3268 3261 3267
f 3270 3274 3265
f 3274 3266 3265
f 3269 3273 3263
f 3273 3264 3263
f 3268 3272 3261
f 3272 3262 3261
f 3260 3259 3504
f 3258 3257 3504
f 3256 3255 3504
f 3254 3501 3504
f 3500 3260 3504
f 3259 3258 3504
f 3257 3256 3504
f 3255 3254 3504
f 3547 3546 3281
f 3546 3278 3281
f 3549 3548 3280
f 3548 3277 3280
f 3543 3544 3279
f 3544 3507 3279
f 3546 3545 3278
f 3545 3275 3278
f 3548 3547 3277
f 3547 3281 3277
f 3550 3549 3276
f 3549 3280 3276
f 3545 3543 3275
f 3543 3279 3275
f 3595 3616 3594
f 3616 3618 3594
f 3282 3579 3571
f 3579 3580 3571
f 3571 3580 3572
f 3580 3581 3572
f 3572 3581 3573
f 3581 3582 3573
f 3573 3582 3574
f 3582 3583 3574
f 3574 3583 3575
f 3583 3584 3575
f 3575 3584 3576
f 3584 3585 3576
f 3296 3295 3587
f 3295 3588 3587
f 3295 3294 3588
f 3294 3589 3588
f 3294 3293 3589
f 3293 3590 3589
f 3293 3292 3590
f 3292 3591 3590
f 3292 3291 3635
f 3291 3331 3635
f 3290 3329 3291
f 3329 3330 3291
f 3616 3595 3617
f 3595 3631 3617
f 3328 3638 3628
f 3577 3578 3598
f 3578 3597 3598
f 3287 3288 3600
f 3288 3599 3600
f 3286 3287 3601
f 3287 3600 3601
f 3285 3286 3602
f 3286 3601 3602
f 3284 3285 3603
f 3285 3602 3603
f 3283 3284 3604
f 3284 3603 3604
f 3570 3283 3605
f 3283 3604 3605
f 3569 3570 3606
f 3570 3605 3606
f 3593 3630 3596
f 3630 3514 3596
f 3592 3637 3593
f 3637 3630 3593
f 3592 3591 3637
f 3591 3636 3637
f 3305 3510 3313
f 3510 3511 3313
f 3304 3305 3312
f 3305 3313 3312
f 3303 3304 3311
f 3304 3312 3311
f 3302 3303 3310
f 3303 3311 3310
f 3301 3302 3309
f 3302 3310 3309
f 3300 3301 3308
f 3301 3309 3308
f 3299 3300 3307
f 3300 3308 3307
f 3586 3299 3306
f 3299 3307 3306
f 3578 3608 3597
f 3608 3609 3597
f 3586 3306 3607
f 3306 3316 3607
f 3611 3644 3610
f 3644 3341 3610
f 3613 3614 3336
f 3614 3317 3336
f 3618 3619 3594
f 3619 3634 3594
f 3636 3591 3635
f 3289 3576 3612
f 3576 3585 3612
f 3628 3327 3629
f 3327 3623 3629
f 3620 3332 3619
f 3332 3634 3619
f 3249 3321 3248
f 3321 3320 3248
f 3320 3319 3248
f 3319 3247 3248
f 3250 3322 3249
f 3322 3321 3249
f 3252 3622 3251
f 3622 3621 3251
f 3250 3251 3322
f 3251 3621 3322
f 3499 3247 3512
f 3247 3319 3512
f 3624 3550 3508
f 3550 3276 3508
f 3509 3632 3282
f 3632 3579 3282
f 3627 3326 3324
f 3253 3625 3626
f 3329 3290 3633
f 3252 3253 3622
f 3253 3626 3622
f 3629 3328 3628
f 3591 3292 3635
f 3330 3331 3291
f 3333 3332 3323
f 3332 3620 3323
f 3323 3324 3326
f 3326 3325 3323
f 3325 3333 3323
f 3289 3612 3315
f 3612 3639 3315
f 3615 3640 3614
f 3640 3317 3614
f 3314 3335 3298
f 3335 3334 3298
f 3296 3587 3334
f 3587 3298 3334
f 3348 3648 3314
f 3648 3335 3314
f 3642 3643 3641
f 3643 3343 3641
f 3641 3343 3645
f 3343 3646 3645
f 3613 3336 3642
f 3336 3643 3642
f 3315 3639 3647
f 3639 3345 3647
f 3607 3316 3650
f 3316 3649 3650
f 3608 3344 3609
f 3344 3338 3609
f 3297 3337 3318
f 3337 3339 3318
f 3347 3342 3611
f 3342 3644 3611
f 3318 3339 3346
f 3339 3340 3346
f 3338 3344 3340
f 3344 3346 3340
f 3645 3646 3649
f 3646 3650 3649
f 3647 3345 3615
f 3345 3640 3615
f 3342 3347 3348
f 3347 3648 3348
f 3542 3541 3351
f 3541 3349 3351
f 3350 3351 3353
f 3351 3354 3353
f 3351 3349 3354
f 3349 3352 3354
f 3353 3354 3356
f 3354 3357 3356
f 3354 3352 3357
f 3352 3355 3357
f 3356 3357 3359
f 3357 3360 3359
f 3357 3355 3360
f 3355 3358 3360
f 3359 3360 3362
f 3360 3363 3362
f 3360 3358 3363
f 3358 3361 3363
f 3362 3363 3365
f 3363 3366 3365
f 3363 3361 3366
f 3361 3364 3366
f 3365 3366 3368
f 3366 3369 3368
f 3366 3364 3369
f 3364 3367 3369
f 3368 3369 3538
f 3369 3539 3538
f 3369 3367 3539
f 3367 3537 3539
f 3349 3541 3254
f 3541 3501 3254
f 3242 3239 3241
f 3239 3238 3241
f 3540 3542 3350
f 3542 3351 3350
f 3370 3388 3371
f 3388 3389 3371
f 3389 3665 3371
f 3665 3666 3371
f 3494 3493 3380
f 3493 3379 3380
f 3662 3664 3372
f 3664 3390 3372
f 3372 3390 3370
f 3390 3388 3370
f 3386 3671 3389
f 3671 3665 3389
f 3378 3375 3376
f 3375 3373 3376
f 3381 3378 3379
f 3378 3376 3379
f 3380 3379 3377
f 3379 3376 3377
f 3658 3384 3659
f 3384 3387 3659
f 3662 3372 3663
f 3372 3375 3663
f 3370 3373 3372
f 3373 3375 3372
f 3387 3384 3385
f 3384 3382 3385
f 3377 3376 3374
f 3376 3373 3374
f 3389 3388 3386
f 3388 3385 3386
f 3390 3387 3388
f 3387 3385 3388
f 3664 3659 3390
f 3659 3387 3390
f 3566 3670 3497
f 3670 3383 3497
f 3668 3669 3377
f 3669 3380 3377
f 3658 3558 3384
f 3558 3498 3384
f 3661 3381 3559
f 3381 3495 3559
f 3669 3565 3380
f 3565 3494 3380
f 3495 3381 3493
f 3381 3379 3493
f 3660 3378 3661
f 3378 3381 3661
f 3383 3670 3386
f 3670 3671 3386
f 3666 3667 3371
f 3667 3374 3371
f 3373 3370 3374
f 3370 3371 3374
f 3667 3668 3374
f 3668 3377 3374
f 3663 3375 3660
f 3375 3378 3660
f 3384 3498 3382
f 3498 3496 3382
f 3383 3382 3497
f 3382 3496 3497
f 3406 3517 3502
f 3517 3540 3502
f 3537 3500 3534
f 3500 3404 3534
f 3531 3403 3528
f 3403 3402 3528
f 3525 3401 3522
f 3401 3400 3522
f 3519 3399 3516
f 3399 3398 3516
f 3534 3404 3531
f 3404 3403 3531
f 3528 3402 3525
f 3402 3401 3525
f 3408 3532 3409
f 3532 3529 3409
f 3410 3526 3411
f 3526 3523 3411
f 3522 3400 3519
f 3400 3399 3519
f 3407 3535 3408
f 3535 3532 3408
f 3409 3529 3410
f 3529 3526 3410
f 3411 3523 3405
f 3523 3520 3405
f 3405 3520 3406
f 3520 3517 3406
f 3503 3538 3407
f 3538 3535 3407
f 3418 3410 3415
f 3410 3411 3415
f 3417 3408 3414
f 3408 3409 3414
f 3506 3503 3413
f 3503 3407 3413
f 3416 3406 3505
f 3406 3502 3505
f 3415 3411 3412
f 3411 3405 3412
f 3414 3409 3418
f 3409 3410 3418
f 3413 3407 3417
f 3407 3408 3417
f 3412 3405 3416
f 3405 3406 3416
f 3404 3504 3403
f 3402 3504 3401
f 3400 3504 3399
f 3398 3504 3501
f 3500 3504 3404
f 3403 3504 3402
f 3401 3504 3400
f 3399 3504 3398
f 3654 3425 3653
f 3425 3422 3653
f 3656 3424 3655
f 3424 3421 3655
f 3651 3423 3544
f 3423 3507 3544
f 3653 3422 3652
f 3422 3419 3652
f 3655 3421 3654
f 3421 3425 3654
f 3657 3420 3656
f 3420 3424 3656
f 3652 3419 3651
f 3419 3423 3651
f 3697 3696 3716
f 3696 3717 3716
f 3426 3673 3681
f 3673 3682 3681
f 3673 3674 3682
f 3674 3683 3682
f 3674 3675 3683
f 3675 3684 3683
f 3675 3676 3684
f 3676 3685 3684
f 3676 3677 3685
f 3677 3686 3685
f 3677 3678 3686
f 3678 3687 3686
f 3440 3689 3439
f 3689 3690 3439
f 3439 3690 3438
f 3690 3691 3438
f 3438 3691 3437
f 3691 3692 3437
f 3437 3692 3436
f 3692 3693 3436
f 3436 3727 3435
f 3727 3475 3435
f 3434 3435 3473
f 3435 3474 3473
f 3716 3617 3697
f 3617 3631 3697
f 3472 3724 3730
f 3679 3699 3680
f 3699 3698 3680
f 3431 3701 3432
f 3701 3700 3432
f 3430 3702 3431
f 3702 3701 3431
f 3429 3703 3430
f 3703 3702 3430
f 3428 3704 3429
f 3704 3703 3429
f 3427 3705 3428
f 3705 3704 3428
f 3672 3706 3427
f 3706 3705 3427
f 3569 3606 3672
f 3606 3706 3672
f 3695 3596 3725
f 3596 3514 3725
f 3694 3695 3729
f 3695 3725 3729
f 3694 3729 3693
f 3729 3728 3693
f 3449 3457 3510
f 3457 3511 3510
f 3448 3456 3449
f 3456 3457 3449
f 3447 3455 3448
f 3455 3456 3448
f 3446 3454 3447
f 3454 3455 3447
f 3445 3453 3446
f 3453 3454 3446
f 3444 3452 3445
f 3452 3453 3445
f 3443 3451 3444
f 3451 3452 3444
f 3688 3450 3443
f 3450 3451 3443
f 3680 3698 3708
f 3698 3709 3708
f 3688 3707 3450
f 3707 3460 3450
f 3711 3710 3736
f 3710 3485 3736
f 3713 3480 3714
f 3480 3461 3714
f 3717 3696 3718
f 3696 3726 3718
f 3728 3727 3693
f 3433 3712 3678
f 3712 3687 3678
f 3724 3629 3471
f 3629 3623 3471
f 3719 3718 3476
f 3718 3726 3476
f 3393 3392 3465
f 3392 3464 3465
f 3464 3392 3463
f 3392 3391 3463
f 3394 3393 3466
f 3393 3465 3466
f 3396 3395 3721
f 3395 3720 3721
f 3394 3466 3395
f 3466 3720 3395
f 3499 3512 3391
f 3512 3463 3391
f 3624 3508 3657
f 3508 3420 3657
f 3509 3426 3632
f 3426 3681 3632
f 3723 3468 3470
f 3397 3722 3513
f 3473 3515 3434
f 3396 3721 3397
f 3721 3722 3397
f 3629 3724 3472
f 3693 3727 3436
f 3474 3435 3475
f 3477 3467 3476
f 3467 3719 3476
f 3467 3470 3468
f 3470 3467 3469
f 3467 3477 3469
f 3433 3459 3712
f 3459 3731 3712
f 3715 3714 3732
f 3714 3461 3732
f 3458 3442 3479
f 3442 3478 3479
f 3440 3478 3689
f 3478 3442 3689
f 3492 3458 3740
f 3458 3479 3740
f 3734 3733 3735
f 3733 3487 3735
f 3733 3737 3487
f 3737 3738 3487
f 3713 3734 3480
f 3734 3735 3480
f 3459 3739 3731
f 3739 3489 3731
f 3707 3742 3460
f 3742 3741 3460
f 3708 3709 3488
f 3709 3482 3488
f 3441 3462 3481
f 3462 3483 3481
f 3491 3711 3486
f 3711 3736 3486
f 3462 3490 3483
f 3490 3484 3483
f 3482 3484 3488
f 3484 3490 3488
f 3737 3741 3738
f 3741 3742 3738
f 3739 3715 3489
f 3715 3732 3489
f 3486 3492 3491
f 3492 3740 3491
f 3542 3518 3541
f 3518 3516 3541
f 3517 3520 3518
f 3520 3521 3518
f 3518 3521 3516
f 3521 3519 3516
f 3520 3523 3521
f 3523 3524 3521
f 3521 3524 3519
f 3524 3522 3519
f 3523 3526 3524
f 3526 3527 3524
f 3524 3527 3522
f 3527 3525 3522
f 3526 3529 3527
f 3529 3530 3527
f 3527 3530 3525
f 3530 3528 3525
f 3529 3532 3530
f 3532 3533 3530
f 3530 3533 3528
f 3533 3531 3528
f 3532 3535 3533
f 3535 3536 3533
f 3533 3536 3531
f 3536 3534 3531
f 3535 3538 3536
f 3538 3539 3536
f 3536 3539 3534
f 3539 3537 3534
f 3516 3398 3541
f 3398 3501 3541
f 3386 3385 3383
f 3385 3382 3383
f 3540 3517 3542
f 3517 3518 3542
